,0
0,AACQ
1,AACQU
2,AACQW
3,AAL
4,AAME
5,AAOI
6,AAON
7,AAPL
8,AAWW
9,AAXJ
10,AAXN
11,ABCB
12,ABCM
13,ABEO
14,ABIO
15,ABMD
16,ABST
17,ABTX
18,ABUS
19,ACACU
20,ACAD
21,ACAM
22,ACAMU
23,ACAMW
24,ACBI
25,ACCD
26,ACER
27,ACET
28,ACEV
29,ACEVU
30,ACEVW
31,ACGL
32,ACGLO
33,ACGLP
34,ACHC
35,ACHV
36,ACIA
37,ACIU
38,ACIW
39,ACLS
40,ACMR
41,ACNB
42,ACOR
43,ACRS
44,ACRX
45,ACST
46,ACTCU
47,ACTG
48,ACWI
49,ACWX
50,ADAP
51,ADBE
52,ADES
53,ADI
54,ADIL
55,ADILW
56,ADMA
57,ADMP
58,ADMS
59,ADP
60,ADPT
61,ADRE
62,ADSK
63,ADTN
64,ADTX
65,ADUS
66,ADV
67,ADVM
68,ADVWW
69,ADXN
70,ADXS
71,AEGN
72,AEHL
73,AEHR
74,AEIS
75,AEMD
76,AEP
77,AEPPL
78,AEPPZ
79,AERI
80,AESE
81,AEY
82,AEYE
83,AEZS
84,AFIB
85,AFIN
86,AFINP
87,AFMD
88,AFYA
89,AGBA
90,AGBAR
91,AGBAW
92,AGCUU
93,AGEN
94,AGFS
95,AGIO
96,AGLE
97,AGMH
98,AGNC
99,AGNCM
100,AGNCN
101,AGNCO
102,AGNCP
103,AGRX
104,AGTC
105,AGYS
106,AGZD
107,AHACU
108,AHCO
109,AHPI
110,AIA
111,AIH
112,AIHS
113,AIKI
114,AIMC
115,AINV
116,AIQ
117,AIRG
118,AIRR
119,AIRT
120,AIRTP
121,AIRTW
122,AKAM
123,AKBA
124,AKER
125,AKRO
126,AKTS
127,AKTX
128,AKU
129,AKUS
130,ALAC
131,ALACR
132,ALACU
133,ALACW
134,ALBO
135,ALCO
136,ALDX
137,ALEC
138,ALGM
139,ALGN
140,ALGS
141,ALGT
142,ALIM
143,ALJJ
144,ALKS
145,ALLK
146,ALLO
147,ALLT
148,ALNA
149,ALNY
150,ALOT
151,ALPN
152,ALRM
153,ALRN
154,ALRS
155,ALSK
156,ALT
157,ALTA
158,ALTM
159,ALTR
160,ALTY
161,ALVR
162,ALXN
163,ALXO
164,ALYA
165,AMAG
166,AMAL
167,AMAT
168,AMBA
169,AMCA
170,AMCI
171,AMCIU
172,AMCIW
173,AMCX
174,AMD
175,AMED
176,AMEH
177,AMGN
178,AMHC
179,AMHCU
180,AMHCW
181,AMKR
182,AMNB
183,AMOT
184,AMPH
185,AMRB
186,AMRH
187,AMRHW
188,AMRK
189,AMRN
190,AMRS
191,AMSC
192,AMSF
193,AMST
194,AMSWA
195,AMTB
196,AMTBB
197,AMTI
198,AMTX
199,AMWD
200,AMYT
201,AMZN
202,ANAB
203,ANAT
204,ANCN
205,ANDA
206,ANDAR
207,ANDAU
208,ANDAW
209,ANDE
210,ANGI
211,ANGL
212,ANGO
213,ANIK
214,ANIP
215,ANIX
216,ANNX
217,ANPC
218,ANSS
219,ANTE
220,ANY
221,AOSL
222,AOUT
223,APA
224,APDN
225,APEI
226,APEN
227,APHA
228,API
229,APLS
230,APLT
231,APM
232,APOG
233,APOP
234,APOPW
235,APPF
236,APPN
237,APPS
238,APRE
239,APTO
240,APTX
241,APVO
242,APWC
243,APXT
244,APXTW
245,APYX
246,AQB
247,AQMS
248,AQST
249,ARAV
250,ARAY
251,ARCB
252,ARCC
253,ARCE
254,ARCT
255,ARDS
256,ARDX
257,AREC
258,ARGX
259,ARKR
260,ARLP
261,ARNA
262,AROW
263,ARPO
264,ARQT
265,ARRY
266,ARTL
267,ARTLW
268,ARTNA
269,ARTW
270,ARVN
271,ARWR
272,ARYA
273,ASET
274,ASLN
275,ASMB
276,ASML
277,ASND
278,ASO
279,ASPS
280,ASPU
281,ASRT
282,ASRV
283,ASRVP
284,ASTC
285,ASTE
286,ASUR
287,ASYS
288,ATAX
289,ATCX
290,ATCXW
291,ATEC
292,ATEX
293,ATHA
294,ATHE
295,ATHX
296,ATIF
297,ATLC
298,ATLO
299,ATNI
300,ATNX
301,ATOM
302,ATOS
303,ATRA
304,ATRC
305,ATRI
306,ATRO
307,ATRS
308,ATSG
309,ATVI
310,ATXI
311,AUB
312,AUBAP
313,AUBN
314,AUDC
315,AUPH
316,AUTL
317,AUTO
318,AUVI
319,AVAV
320,AVCO
321,AVCT
322,AVCTW
323,AVDL
324,AVEO
325,AVGO
326,AVGOP
327,AVGR
328,AVID
329,AVIR
330,AVNW
331,AVO
332,AVRO
333,AVT
334,AVXL
335,AWH
336,AWRE
337,AXAS
338,AXDX
339,AXGN
340,AXGT
341,AXLA
342,AXNX
343,AXSM
344,AXTI
345,AY
346,AYLA
347,AYRO
348,AYTU
349,AZN
350,AZPN
351,AZRX
352,AZYO
353,BAND
354,BANF
355,BANFP
356,BANR
357,BANX
358,BASI
359,BATRA
360,BATRK
361,BBBY
362,BBCP
363,BBGI
364,BBH
365,BBI
366,BBIO
367,BBQ
368,BBSI
369,BCBP
370,BCDA
371,BCEL
372,BCLI
373,BCML
374,BCOR
375,BCOV
376,BCOW
377,BCPC
378,BCRX
379,BCTG
380,BCYC
381,BDGE
382,BDSI
383,BDSX
384,BDTX
385,BEAM
386,BEAT
387,BECN
388,BEEM
389,BEEMW
390,BELFA
391,BELFB
392,BFC
393,BFIN
394,BFIT
395,BFRA
396,BFST
397,BGCP
398,BGFV
399,BGNE
400,BGRN
401,BHAT
402,BHF
403,BHFAL
404,BHFAO
405,BHFAP
406,BHSEU
407,BHTG
408,BIB
409,BICK
410,BIDU
411,BIGC
412,BIIB
413,BILI
414,BIMI
415,BIOC
416,BIOL
417,BIS
418,BIVI
419,BJK
420,BJRI
421,BKCC
422,BKEP
423,BKEPP
424,BKNG
425,BKSC
426,BKYI
427,BL
428,BLBD
429,BLCM
430,BLCN
431,BLCT
432,BLDP
433,BLDR
434,BLFS
435,BLI
436,BLIN
437,BLKB
438,BLMN
439,BLNK
440,BLNKW
441,BLPH
442,BLRX
443,BLSA
444,BLU
445,BLUE
446,BMCH
447,BMLP
448,BMRA
449,BMRC
450,BMRN
451,BMTC
452,BND
453,BNDW
454,BNDX
455,BNFT
456,BNGO
457,BNGOW
458,BNR
459,BNSO
460,BNTC
461,BNTX
462,BOCH
463,BOKF
464,BOKFL
465,BOMN
466,BOOM
467,BOSC
468,BOTJ
469,BOTZ
470,BOWX
471,BOWXU
472,BOWXW
473,BOXL
474,BPFH
475,BPMC
476,BPOP
477,BPOPM
478,BPOPN
479,BPRN
480,BPTH
481,BPY
482,BPYPN
483,BPYPO
484,BPYPP
485,BPYU
486,BPYUP
487,BRID
488,BRKL
489,BRKR
490,BRKS
491,BRLI
492,BRLIR
493,BRLIU
494,BRLIW
495,BROG
496,BRP
497,BRPA
498,BRPAR
499,BRPAW
500,BRQS
501,BRY
502,BSAE
503,BSBE
504,BSBK
505,BSCE
506,BSCK
507,BSCL
508,BSCM
509,BSCN
510,BSCO
511,BSCP
512,BSCQ
513,BSCR
514,BSCS
515,BSCT
516,BSCU
517,BSDE
518,BSET
519,BSGM
520,BSJK
521,BSJL
522,BSJM
523,BSJN
524,BSJO
525,BSJP
526,BSJQ
527,BSJR
528,BSJS
529,BSML
530,BSMM
531,BSMN
532,BSMO
533,BSMP
534,BSMQ
535,BSMR
536,BSMS
537,BSMT
538,BSQR
539,BSRR
540,BSTC
541,BSVN
542,BSY
543,BTAI
544,BTAQ
545,BTAQU
546,BTAQW
547,BTBT
548,BTEC
549,BTWNU
550,BUG
551,BUSE
552,BVXV
553,BWAY
554,BWB
555,BWEN
556,BWFG
557,BWMX
558,BXRX
559,BYFC
560,BYND
561,BYSI
562,BZUN
563,CAAS
564,CABA
565,CAC
566,CACC
567,CACG
568,CAKE
569,CALA
570,CALB
571,CALM
572,CALT
573,CAMP
574,CAMT
575,CAN
576,CAPAU
577,CAPAW
578,CAPR
579,CAR
580,CARA
581,CARE
582,CARG
583,CARV
584,CARZ
585,CASA
586,CASH
587,CASI
588,CASS
589,CASY
590,CATB
591,CATC
592,CATH
593,CATM
594,CATY
595,CBAN
596,CBAT
597,CBAY
598,CBFV
599,CBIO
600,CBLI
601,CBMB
602,CBMG
603,CBNK
604,CBPO
605,CBRL
606,CBSH
607,CBTX
608,CCAP
609,CCB
610,CCBG
611,CCCC
612,CCD
613,CCLP
614,CCMP
615,CCNC
616,CCNE
617,CCNEP
618,CCOI
619,CCRC
620,CCRN
621,CCXI
622,CD
623,CDAK
624,CDC
625,CDEV
626,CDK
627,CDL
628,CDLX
629,CDMO
630,CDMOP
631,CDNA
632,CDNS
633,CDTX
634,CDW
635,CDXC
636,CDXS
637,CDZI
638,CECE
639,CEFA
640,CELC
641,CELH
642,CEMI
643,CENT
644,CENTA
645,CENX
646,CERC
647,CERE
648,CEREW
649,CERN
650,CERS
651,CETX
652,CETXP
653,CETXW
654,CEVA
655,CEY
656,CEZ
657,CFA
658,CFB
659,CFBI
660,CFBK
661,CFFA
662,CFFAU
663,CFFAW
664,CFFI
665,CFFN
666,CFII
667,CFIIU
668,CFIIW
669,CFMS
670,CFO
671,CFRX
672,CG
673,CGBD
674,CGEN
675,CGIX
676,CGNX
677,CGO
678,CGRO
679,CGROU
680,CGROW
681,CHB
682,CHCI
683,CHCO
684,CHDN
685,CHEF
686,CHEK
687,CHEKZ
688,CHFS
689,CHI
690,CHKP
691,CHMA
692,CHMG
693,CHNA
694,CHNG
695,CHNGU
696,CHNR
697,CHPM
698,CHPMU
699,CHPMW
700,CHRS
701,CHRW
702,CHSCL
703,CHSCM
704,CHSCN
705,CHSCO
706,CHSCP
707,CHTR
708,CHUY
709,CHW
710,CHY
711,CIBR
712,CID
713,CIDM
714,CIGI
715,CIH
716,CIIC
717,CIICU
718,CIICW
719,CIL
720,CINF
721,CIVB
722,CIZ
723,CIZN
724,CJJD
725,CKPT
726,CLAR
727,CLBK
728,CLBS
729,CLCT
730,CLDB
731,CLDX
732,CLEU
733,CLFD
734,CLGN
735,CLIR
736,CLLS
737,CLMT
738,CLNE
739,CLOU
740,CLPS
741,CLPT
742,CLRB
743,CLRBZ
744,CLRG
745,CLRO
746,CLSD
747,CLSK
748,CLSN
749,CLVS
750,CLWT
751,CLXT
752,CMBM
753,CMCO
754,CMCSA
755,CMCT
756,CMCTP
757,CME
758,CMFNL
759,CMLF
760,CMLFU
761,CMLFW
762,CMLS
763,CMPI
764,CMPR
765,CMPS
766,CMRX
767,CMTL
768,CNBKA
769,CNCE
770,CNCR
771,CNDT
772,CNET
773,CNFR
774,CNFRL
775,CNNB
776,CNOB
777,CNSL
778,CNSP
779,CNST
780,CNTG
781,CNTY
782,CNXN
783,COCP
784,CODA
785,CODX
786,COFS
787,COGT
788,COHR
789,COHU
790,COKE
791,COLB
792,COLL
793,COLM
794,COMM
795,COMT
796,CONE
797,CONN
798,CONXU
799,COOP
800,CORE
801,CORT
802,COST
803,COUP
804,COWN
805,COWNL
806,COWNZ
807,CPAH
808,CPHC
809,CPIX
810,CPLP
811,CPRT
812,CPRX
813,CPSH
814,CPSI
815,CPSS
816,CPST
817,CPTA
818,CPTAG
819,CPTAL
820,CPZ
821,CRAI
822,CRBP
823,CRDF
824,CREE
825,CREG
826,CRESY
827,CREX
828,CREXW
829,CRIS
830,CRMT
831,CRNC
832,CRNT
833,CRNX
834,CRON
835,CROX
836,CRSA
837,CRSAU
838,CRSAW
839,CRSP
840,CRSR
841,CRTD
842,CRTDW
843,CRTO
844,CRTX
845,CRUS
846,CRVL
847,CRVS
848,CRWD
849,CRWS
850,CSA
851,CSB
852,CSBR
853,CSCO
854,CSCW
855,CSF
856,CSGP
857,CSGS
858,CSII
859,CSIQ
860,CSML
861,CSOD
862,CSPI
863,CSQ
864,CSSE
865,CSSEN
866,CSSEP
867,CSTE
868,CSTL
869,CSTR
870,CSWC
871,CSWCL
872,CSWI
873,CSX
874,CTAS
875,CTBI
876,CTEC
877,CTG
878,CTHR
879,CTIB
880,CTIC
881,CTMX
882,CTRE
883,CTRM
884,CTRN
885,CTSH
886,CTSO
887,CTXR
888,CTXRW
889,CTXS
890,CUBA
891,CUE
892,CURI
893,CURIW
894,CUTR
895,CVAC
896,CVBF
897,CVCO
898,CVCY
899,CVET
900,CVGI
901,CVGW
902,CVLG
903,CVLT
904,CVLY
905,CVV
906,CWBC
907,CWBR
908,CWCO
909,CWST
910,CXDC
911,CXDO
912,CXSE
913,CYAD
914,CYAN
915,CYBE
916,CYBR
917,CYCC
918,CYCCP
919,CYCN
920,CYRN
921,CYRX
922,CYTK
923,CZNC
924,CZR
925,CZWI
926,DADA
927,DAIO
928,DAKT
929,DALI
930,DARE
931,DAX
932,DBDRU
933,DBVT
934,DBX
935,DCOM
936,DCOMP
937,DCPH
938,DCRBU
939,DCT
940,DCTH
941,DDIV
942,DDOG
943,DEMZ
944,DENN
945,DFFN
946,DFHT
947,DFHTU
948,DFHTW
949,DFNL
950,DFPH
951,DFPHU
952,DFPHW
953,DGICA
954,DGICB
955,DGII
956,DGLY
957,DGRE
958,DGRS
959,DGRW
960,DHC
961,DHCNI
962,DHCNL
963,DHIL
964,DINT
965,DIOD
966,DISCA
967,DISCB
968,DISCK
969,DISH
970,DJCO
971,DKNG
972,DLHC
973,DLPN
974,DLPNW
975,DLTH
976,DLTR
977,DMAC
978,DMLP
979,DMRC
980,DMTK
981,DMXF
982,DNKN
983,DNLI
984,DOCU
985,DOGZ
986,DOMO
987,DOOO
988,DORM
989,DOX
990,DOYU
991,DRAD
992,DRADP
993,DRIO
994,DRIOW
995,DRIV
996,DRNA
997,DRRX
998,DRTT
999,DSACU
1000,DSGX
1001,DSKE
1002,DSKEW
1003,DSPG
1004,DSWL
1005,DTEA
1006,DTIL
1007,DTSS
1008,DUO
1009,DUOT
1010,DUSA
1011,DVAX
1012,DVLU
1013,DVOL
1014,DVY
1015,DWAS
1016,DWAT
1017,DWAW
1018,DWEQ
1019,DWFI
1020,DWLD
1021,DWMC
1022,DWPP
1023,DWSH
1024,DWSN
1025,DWUS
1026,DXCM
1027,DXGE
1028,DXJS
1029,DXLG
1030,DXPE
1031,DXYN
1032,DYAI
1033,DYN
1034,DYNT
1035,DZSI
1036,EA
1037,EAR
1038,EARS
1039,EAST
1040,EBAY
1041,EBAYL
1042,EBC
1043,EBIX
1044,EBIZ
1045,EBMT
1046,EBON
1047,EBSB
1048,EBTC
1049,ECHO
1050,ECOL
1051,ECOLW
1052,ECOR
1053,ECOW
1054,ECPG
1055,EDAP
1056,EDIT
1057,EDNT
1058,EDOC
1059,EDRY
1060,EDSA
1061,EDTK
1062,EDUC
1063,EDUT
1064,EEFT
1065,EEMA
1066,EFAS
1067,EFOI
1068,EFSC
1069,EGAN
1070,EGBN
1071,EGLE
1072,EGOV
1073,EGRX
1074,EH
1075,EHTH
1076,EIDX
1077,EIGI
1078,EIGR
1079,EKSO
1080,ELOX
1081,ELSE
1082,ELTK
1083,EMB
1084,EMCB
1085,EMCF
1086,EMIF
1087,EMKR
1088,EML
1089,EMXC
1090,EMXF
1091,ENDP
1092,ENG
1093,ENLV
1094,ENOB
1095,ENPH
1096,ENSG
1097,ENTA
1098,ENTG
1099,ENTX
1100,ENTXW
1101,ENZL
1102,EOLS
1103,EPAY
1104,EPIX
1105,EPSN
1106,EPZM
1107,EQ
1108,EQBK
1109,EQIX
1110,EQOS
1111,EQOSW
1112,EQRR
1113,ERES
1114,ERESU
1115,ERESW
1116,ERIC
1117,ERIE
1118,ERII
1119,ERYP
1120,ESBK
1121,ESCA
1122,ESEA
1123,ESGD
1124,ESGE
1125,ESGR
1126,ESGRO
1127,ESGRP
1128,ESGU
1129,ESLT
1130,ESPO
1131,ESPR
1132,ESQ
1133,ESSA
1134,ESSC
1135,ESSCR
1136,ESSCU
1137,ESSCW
1138,ESTA
1139,ESXB
1140,ETAC
1141,ETACU
1142,ETACW
1143,ETNB
1144,ETON
1145,ETSY
1146,ETTX
1147,EUCRU
1148,EUFN
1149,EVBG
1150,EVER
1151,EVFM
1152,EVGN
1153,EVK
1154,EVLO
1155,EVOK
1156,EVOL
1157,EVOP
1158,EWBC
1159,EWJE
1160,EWJV
1161,EWZS
1162,EXAS
1163,EXC
1164,EXEL
1165,EXFO
1166,EXLS
1167,EXPC
1168,EXPCW
1169,EXPD
1170,EXPE
1171,EXPI
1172,EXPO
1173,EXTR
1174,EYE
1175,EYEG
1176,EYEN
1177,EYES
1178,EYESW
1179,EYPT
1180,EZPW
1181,FAAR
1182,FAB
1183,FAD
1184,FALN
1185,FAMI
1186,FANG
1187,FANH
1188,FARM
1189,FARO
1190,FAST
1191,FAT
1192,FATBP
1193,FATE
1194,FB
1195,FBIO
1196,FBIOP
1197,FBIZ
1198,FBMS
1199,FBNC
1200,FBRX
1201,FBSS
1202,FBZ
1203,FCA
1204,FCACU
1205,FCAL
1206,FCAP
1207,FCBC
1208,FCBP
1209,FCCO
1210,FCCY
1211,FCEF
1212,FCEL
1213,FCFS
1214,FCNCA
1215,FCNCP
1216,FCRD
1217,FCVT
1218,FDBC
1219,FDIV
1220,FDNI
1221,FDT
1222,FDTS
1223,FDUS
1224,FDUSG
1225,FDUSL
1226,FDUSZ
1227,FEIM
1228,FELE
1229,FEM
1230,FEMB
1231,FEMS
1232,FENC
1233,FEP
1234,FEUZ
1235,FEX
1236,FEYE
1237,FFBC
1238,FFBW
1239,FFHL
1240,FFIC
1241,FFIN
1242,FFIV
1243,FFNW
1244,FFWM
1245,FGBI
1246,FGEN
1247,FGM
1248,FHB
1249,FHTX
1250,FIBK
1251,FID
1252,FIII
1253,FIIIU
1254,FIIIW
1255,FINX
1256,FISI
1257,FISV
1258,FITB
1259,FITBI
1260,FITBO
1261,FITBP
1262,FIVE
1263,FIVN
1264,FIXD
1265,FIXX
1266,FIZZ
1267,FJP
1268,FKU
1269,FLDM
1270,FLEX
1271,FLGT
1272,FLIC
1273,FLIR
1274,FLL
1275,FLMN
1276,FLMNW
1277,FLN
1278,FLNT
1279,FLUX
1280,FLWS
1281,FLXN
1282,FLXS
1283,FMAO
1284,FMB
1285,FMBH
1286,FMBI
1287,FMBIO
1288,FMBIP
1289,FMHI
1290,FMK
1291,FMNB
1292,FMTX
1293,FNCB
1294,FNHC
1295,FNK
1296,FNKO
1297,FNLC
1298,FNWB
1299,FNX
1300,FNY
1301,FOCS
1302,FOLD
1303,FONR
1304,FORD
1305,FORK
1306,FORM
1307,FORR
1308,FORTY
1309,FOSL
1310,FOX
1311,FOXA
1312,FOXF
1313,FPA
1314,FPAY
1315,FPRX
1316,FPXE
1317,FPXI
1318,FRAF
1319,FRAN
1320,FRBA
1321,FRBK
1322,FREE
1323,FREEW
1324,FREQ
1325,FRG
1326,FRGAP
1327,FRGI
1328,FRHC
1329,FRLN
1330,FRME
1331,FROG
1332,FRPH
1333,FRPT
1334,FRSX
1335,FRTA
1336,FSBW
1337,FSDC
1338,FSEA
1339,FSFG
1340,FSLR
1341,FSRV
1342,FSRVU
1343,FSRVW
1344,FSTR
1345,FSV
1346,FSZ
1347,FTA
1348,FTAG
1349,FTC
1350,FTCS
1351,FTDR
1352,FTEK
1353,FTFT
1354,FTGC
1355,FTHI
1356,FTHM
1357,FTIVU
1358,FTLB
1359,FTNT
1360,FTOC
1361,FTOCU
1362,FTOCW
1363,FTRI
1364,FTSL
1365,FTSM
1366,FTXD
1367,FTXG
1368,FTXH
1369,FTXL
1370,FTXN
1371,FTXO
1372,FTXR
1373,FULC
1374,FULT
1375,FULTP
1376,FUNC
1377,FUND
1378,FUSB
1379,FUSN
1380,FUTU
1381,FUV
1382,FV
1383,FVAM
1384,FVC
1385,FVCB
1386,FVE
1387,FWONA
1388,FWONK
1389,FWP
1390,FWRD
1391,FXNC
1392,FYC
1393,FYT
1394,FYX
1395,GABC
1396,GAIA
1397,GAIN
1398,GAINL
1399,GAINM
1400,GALT
1401,GAN
1402,GASS
1403,GBCI
1404,GBDC
1405,GBIO
1406,GBLI
1407,GBLIL
1408,GBT
1409,GCBC
1410,GDEN
1411,GDRX
1412,GDS
1413,GDYN
1414,GDYNW
1415,GEC
1416,GECC
1417,GECCL
1418,GECCM
1419,GECCN
1420,GENC
1421,GENE
1422,GENY
1423,GEOS
1424,GERN
1425,GEVO
1426,GFED
1427,GFN
1428,GFNCP
1429,GFNSL
1430,GFNSZ
1431,GGAL
1432,GH
1433,GHIV
1434,GHIVU
1435,GHIVW
1436,GHSI
1437,GIFI
1438,GIGE
1439,GIGM
1440,GIII
1441,GILD
1442,GILT
1443,GLAD
1444,GLADD
1445,GLADL
1446,GLBS
1447,GLBZ
1448,GLDD
1449,GLDI
1450,GLG
1451,GLIBA
1452,GLIBP
1453,GLMD
1454,GLNG
1455,GLPG
1456,GLPI
1457,GLRE
1458,GLSI
1459,GLTO
1460,GLUU
1461,GLYC
1462,GMAB
1463,GMBL
1464,GMBLW
1465,GMDA
1466,GMHI
1467,GMHIU
1468,GMHIW
1469,GMLP
1470,GMLPP
1471,GNCA
1472,GNFT
1473,GNLN
1474,GNMA
1475,GNMK
1476,GNOM
1477,GNPX
1478,GNRS
1479,GNRSU
1480,GNRSW
1481,GNSS
1482,GNTX
1483,GNTY
1484,GNUS
1485,GO
1486,GOCO
1487,GOGL
1488,GOGO
1489,GOOD
1490,GOODM
1491,GOODN
1492,GOOG
1493,GOOGL
1494,GOSS
1495,GOVX
1496,GOVXW
1497,GP
1498,GPOR
1499,GPP
1500,GPRE
1501,GPRO
1502,GRAY
1503,GRBK
1504,GRCY
1505,GRCYU
1506,GRCYW
1507,GRFS
1508,GRID
1509,GRIF
1510,GRIL
1511,GRIN
1512,GRMN
1513,GRNQ
1514,GRNV
1515,GRNVR
1516,GRNVU
1517,GRNVW
1518,GROW
1519,GRPN
1520,GRSV
1521,GRSVU
1522,GRSVW
1523,GRTS
1524,GRTX
1525,GRVY
1526,GRWG
1527,GSBC
1528,GSHD
1529,GSIT
1530,GSKY
1531,GSM
1532,GSMG
1533,GSMGW
1534,GSUM
1535,GT
1536,GTEC
1537,GTH
1538,GTHX
1539,GTIM
1540,GTLS
1541,GTYH
1542,GURE
1543,GVP
1544,GWACU
1545,GWGH
1546,GWPH
1547,GWRS
1548,GXGX
1549,GXGXW
1550,GXTG
1551,GYRO
1552,HA
1553,HAFC
1554,HAIN
1555,HALL
1556,HALO
1557,HAPP
1558,HARP
1559,HAS
1560,HAYN
1561,HBAN
1562,HBANN
1563,HBANO
1564,HBCP
1565,HBIO
1566,HBMD
1567,HBNC
1568,HBP
1569,HBT
1570,HCAC
1571,HCACU
1572,HCACW
1573,HCAP
1574,HCAPZ
1575,HCAT
1576,HCCH
1577,HCCHR
1578,HCCHW
1579,HCCI
1580,HCDI
1581,HCKT
1582,HCM
1583,HCSG
1584,HDS
1585,HDSN
1586,HEAR
1587,HEBT
1588,HEC
1589,HECCU
1590,HECCW
1591,HEES
1592,HELE
1593,HEPA
1594,HERD
1595,HERO
1596,HEWG
1597,HFBL
1598,HFFG
1599,HFWA
1600,HGBL
1601,HGEN
1602,HGSH
1603,HHR
1604,HIBB
1605,HIFS
1606,HIHO
1607,HIMX
1608,HJLI
1609,HJLIW
1610,HLAL
1611,HLG
1612,HLIO
1613,HLIT
1614,HLNE
1615,HLXA
1616,HMHC
1617,HMNF
1618,HMST
1619,HMSY
1620,HMTV
1621,HNDL
1622,HNNA
1623,HNRG
1624,HOFT
1625,HOFV
1626,HOFVW
1627,HOL
1628,HOLI
1629,HOLUU
1630,HOLUW
1631,HOLX
1632,HOMB
1633,HONE
1634,HOOK
1635,HOPE
1636,HOTH
1637,HOVNP
1638,HPK
1639,HPKEW
1640,HQI
1641,HQY
1642,HRMY
1643,HROW
1644,HRTX
1645,HRZN
1646,HSAQ
1647,HSDT
1648,HSIC
1649,HSII
1650,HSKA
1651,HSON
1652,HST
1653,HSTM
1654,HSTO
1655,HTBI
1656,HTBK
1657,HTBX
1658,HTGM
1659,HTHT
1660,HTIA
1661,HTLD
1662,HTLF
1663,HTLFP
1664,HUBG
1665,HUGE
1666,HUIZ
1667,HURC
1668,HURN
1669,HUSN
1670,HVBC
1671,HWBK
1672,HWC
1673,HWCC
1674,HWCPL
1675,HWCPZ
1676,HWKN
1677,HX
1678,HYAC
1679,HYACU
1680,HYACW
1681,HYLS
1682,HYMC
1683,HYMCW
1684,HYMCZ
1685,HYRE
1686,HYXF
1687,HYZD
1688,HZNP
1689,IAC
1690,IART
1691,IBB
1692,IBBJ
1693,IBCP
1694,IBEX
1695,IBKR
1696,IBOC
1697,IBTA
1698,IBTB
1699,IBTD
1700,IBTE
1701,IBTF
1702,IBTG
1703,IBTH
1704,IBTI
1705,IBTJ
1706,IBTX
1707,ICAD
1708,ICBK
1709,ICCC
1710,ICCH
1711,ICFI
1712,ICHR
1713,ICLK
1714,ICLN
1715,ICLR
1716,ICMB
1717,ICON
1718,ICPT
1719,ICUI
1720,IDCC
1721,IDEX
1722,IDLB
1723,IDN
1724,IDRA
1725,IDXG
1726,IDXX
1727,IDYA
1728,IEA
1729,IEAWW
1730,IEC
1731,IEF
1732,IEI
1733,IEP
1734,IESC
1735,IEUS
1736,IFGL
1737,IFMK
1738,IFRX
1739,IFV
1740,IGACU
1741,IGF
1742,IGIB
1743,IGIC
1744,IGICW
1745,IGMS
1746,IGOV
1747,IGSB
1748,IHRT
1749,III
1750,IIIN
1751,IIIV
1752,IIN
1753,IIVI
1754,IIVIP
1755,IJT
1756,IKNX
1757,ILMN
1758,ILPT
1759,IMAB
1760,IMAC
1761,IMACW
1762,IMBI
1763,IMGN
1764,IMKTA
1765,IMMP
1766,IMMR
1767,IMNM
1768,IMOS
1769,IMRA
1770,IMRN
1771,IMRNW
1772,IMTE
1773,IMTX
1774,IMTXW
1775,IMUX
1776,IMV
1777,IMVT
1778,IMXI
1779,INAQU
1780,INBK
1781,INBKL
1782,INBKZ
1783,INBX
1784,INCY
1785,INDB
1786,INDY
1787,INFI
1788,INFN
1789,INFR
1790,INGN
1791,INMB
1792,INMD
1793,INO
1794,INOD
1795,INOV
1796,INPX
1797,INSE
1798,INSG
1799,INSM
1800,INTC
1801,INTG
1802,INTU
1803,INTZ
1804,INVA
1805,INVE
1806,INZY
1807,IONS
1808,IOSP
1809,IOVA
1810,IPAR
1811,IPDN
1812,IPGP
1813,IPHA
1814,IPHI
1815,IPKW
1816,IPLDP
1817,IPWR
1818,IQ
1819,IRBT
1820,IRCP
1821,IRDM
1822,IRIX
1823,IRMD
1824,IROQ
1825,IRTC
1826,IRWD
1827,ISBC
1828,ISDX
1829,ISEE
1830,ISEM
1831,ISHG
1832,ISIG
1833,ISNS
1834,ISRG
1835,ISSC
1836,ISTB
1837,ISTR
1838,ITAC
1839,ITACU
1840,ITACW
1841,ITCI
1842,ITI
1843,ITIC
1844,ITMR
1845,ITOS
1846,ITRI
1847,ITRM
1848,ITRN
1849,IUS
1850,IUSB
1851,IUSG
1852,IUSS
1853,IUSV
1854,IVA
1855,IVAC
1856,IXUS
1857,IZEA
1858,JACK
1859,JAGX
1860,JAKK
1861,JAMF
1862,JAN
1863,JAZZ
1864,JBHT
1865,JBLU
1866,JBSS
1867,JCOM
1868,JCS
1869,JCTCF
1870,JD
1871,JFIN
1872,JFU
1873,JG
1874,JJSF
1875,JKHY
1876,JKI
1877,JMPNL
1878,JMPNZ
1879,JNCE
1880,JOBS
1881,JOUT
1882,JRJC
1883,JRSH
1884,JRVR
1885,JSM
1886,JSMD
1887,JSML
1888,JUPW
1889,JUPWW
1890,JVA
1891,JYNT
1892,KALA
1893,KALU
1894,KALV
1895,KBAL
1896,KBLM
1897,KBLMR
1898,KBLMU
1899,KBLMW
1900,KBNT
1901,KBNTW
1902,KBSF
1903,KBWB
1904,KBWD
1905,KBWP
1906,KBWR
1907,KBWY
1908,KC
1909,KCAPL
1910,KDMN
1911,KDNY
1912,KDP
1913,KE
1914,KELYA
1915,KELYB
1916,KEQU
1917,KERN
1918,KERNW
1919,KFFB
1920,KFRC
1921,KHC
1922,KIDS
1923,KIN
1924,KINS
1925,KIRK
1926,KLAC
1927,KLDO
1928,KLIC
1929,KLXE
1930,KMDA
1931,KNDI
1932,KNSA
1933,KNSL
1934,KOD
1935,KOPN
1936,KOR
1937,KOSS
1938,KPTI
1939,KRBP
1940,KRKR
1941,KRMA
1942,KRMD
1943,KRNT
1944,KRNY
1945,KRON
1946,KROS
1947,KRTX
1948,KRUS
1949,KRYS
1950,KSMT
1951,KSMTU
1952,KSMTW
1953,KSPN
1954,KTCC
1955,KTOS
1956,KTOV
1957,KTOVW
1958,KTRA
1959,KURA
1960,KVHI
1961,KXIN
1962,KYMR
1963,KZIA
1964,KZR
1965,LACQ
1966,LACQW
1967,LAKE
1968,LAMR
1969,LANC
1970,LAND
1971,LANDO
1972,LANDP
1973,LARK
1974,LASR
1975,LATN
1976,LATNW
1977,LAUR
1978,LAWS
1979,LAZY
1980,LBAI
1981,LBC
1982,LBRDA
1983,LBRDK
1984,LBTYA
1985,LBTYB
1986,LBTYK
1987,LCA
1988,LCAHU
1989,LCAHW
1990,LCAP
1991,LCAPU
1992,LCAPW
1993,LCNB
1994,LCUT
1995,LCYAU
1996,LDEM
1997,LDSF
1998,LE
1999,LECO
2000,LEDS
2001,LEGH
2002,LEGN
2003,LEGR
2004,LESL
2005,LEVL
2006,LEVLP
2007,LFAC
2008,LFACW
2009,LFTRU
2010,LFUS
2011,LFVN
2012,LGHL
2013,LGHLW
2014,LGIH
2015,LGND
2016,LHCG
2017,LI
2018,LIFE
2019,LILA
2020,LILAK
2021,LINC
2022,LIND
2023,LIQT
2024,LITE
2025,LIVE
2026,LIVK
2027,LIVKW
2028,LIVN
2029,LIVX
2030,LIZI
2031,LJPC
2032,LKCO
2033,LKFN
2034,LKQ
2035,LLIT
2036,LLNW
2037,LMAT
2038,LMB
2039,LMBS
2040,LMFA
2041,LMNL
2042,LMNR
2043,LMNX
2044,LMPX
2045,LMRK
2046,LMRKN
2047,LMRKO
2048,LMRKP
2049,LMST
2050,LNDC
2051,LNGR
2052,LNSR
2053,LNT
2054,LNTH
2055,LOAC
2056,LOACR
2057,LOACU
2058,LOACW
2059,LOAN
2060,LOB
2061,LOCO
2062,LOGC
2063,LOGI
2064,LOOP
2065,LOPE
2066,LORL
2067,LOVE
2068,LPCN
2069,LPLA
2070,LPRO
2071,LPSN
2072,LPTH
2073,LPTX
2074,LQDA
2075,LQDT
2076,LRCX
2077,LRGE
2078,LRMR
2079,LSAC
2080,LSACU
2081,LSACW
2082,LSBK
2083,LSCC
2084,LSTR
2085,LSXMA
2086,LSXMB
2087,LSXMK
2088,LTBR
2089,LTRN
2090,LTRPA
2091,LTRPB
2092,LTRX
2093,LULU
2094,LUMO
2095,LUNA
2096,LUNG
2097,LUXAU
2098,LVHD
2099,LWAY
2100,LX
2101,LXEH
2102,LXRX
2103,LYFT
2104,LYL
2105,LYRA
2106,LYTS
2107,MAACU
2108,MACK
2109,MACUU
2110,MAGS
2111,MANH
2112,MANT
2113,MAR
2114,MARA
2115,MARK
2116,MARPS
2117,MASI
2118,MAT
2119,MATW
2120,MAXN
2121,MAYS
2122,MBB
2123,MBCN
2124,MBII
2125,MBIN
2126,MBINO
2127,MBINP
2128,MBIO
2129,MBNKP
2130,MBOT
2131,MBRX
2132,MBUU
2133,MBWM
2134,MCAC
2135,MCACR
2136,MCACU
2137,MCBC
2138,MCBS
2139,MCEF
2140,MCEP
2141,MCFE
2142,MCFT
2143,MCHI
2144,MCHP
2145,MCHX
2146,MCMJ
2147,MCMJW
2148,MCRB
2149,MCRI
2150,MDB
2151,MDCA
2152,MDGL
2153,MDGS
2154,MDGSW
2155,MDIA
2156,MDIV
2157,MDJH
2158,MDLZ
2159,MDNA
2160,MDRR
2161,MDRRP
2162,MDRX
2163,MDWD
2164,MDXG
2165,MEDP
2166,MEDS
2167,MEIP
2168,MELI
2169,MEOH
2170,MERC
2171,MESA
2172,MESO
2173,METC
2174,METX
2175,METXW
2176,MFH
2177,MFIN
2178,MFINL
2179,MFNC
2180,MGEE
2181,MGEN
2182,MGI
2183,MGIC
2184,MGLN
2185,MGNI
2186,MGNX
2187,MGPI
2188,MGRC
2189,MGTA
2190,MGTX
2191,MGYR
2192,MHLD
2193,MICT
2194,MIDD
2195,MIK
2196,MILN
2197,MIME
2198,MIND
2199,MINDP
2200,MIRM
2201,MIST
2202,MITK
2203,MITO
2204,MKD
2205,MKGI
2206,MKSI
2207,MKTX
2208,MLAB
2209,MLAC
2210,MLACU
2211,MLACW
2212,MLCO
2213,MLHR
2214,MLND
2215,MLVF
2216,MMAC
2217,MMLP
2218,MMSI
2219,MMYT
2220,MNCL
2221,MNCLU
2222,MNCLW
2223,MNDO
2224,MNKD
2225,MNOV
2226,MNPR
2227,MNRO
2228,MNSB
2229,MNSBP
2230,MNST
2231,MNTX
2232,MOBL
2233,MOFG
2234,MOGO
2235,MOHO
2236,MOMO
2237,MOR
2238,MORF
2239,MORN
2240,MOSY
2241,MOTNU
2242,MOTS
2243,MOXC
2244,MPAA
2245,MPB
2246,MPWR
2247,MRAM
2248,MRBK
2249,MRCC
2250,MRCCL
2251,MRCY
2252,MREO
2253,MRIN
2254,MRKR
2255,MRLN
2256,MRNA
2257,MRNS
2258,MRSN
2259,MRTN
2260,MRTX
2261,MRUS
2262,MRVL
2263,MSBI
2264,MSEX
2265,MSFT
2266,MSON
2267,MSTR
2268,MSVB
2269,MTBC
2270,MTBCP
2271,MTC
2272,MTCH
2273,MTCR
2274,MTEM
2275,MTEX
2276,MTLS
2277,MTP
2278,MTRX
2279,MTSC
2280,MTSI
2281,MTSL
2282,MU
2283,MVBF
2284,MVIS
2285,MWK
2286,MXIM
2287,MYFW
2288,MYGN
2289,MYL
2290,MYOK
2291,MYOS
2292,MYRG
2293,MYSZ
2294,MYT
2295,NAII
2296,NAKD
2297,NAOV
2298,NARI
2299,NATH
2300,NATI
2301,NATR
2302,NAVI
2303,NBAC
2304,NBACR
2305,NBACU
2306,NBACW
2307,NBEV
2308,NBIX
2309,NBLX
2310,NBN
2311,NBRV
2312,NBSE
2313,NBTB
2314,NCBS
2315,NCMI
2316,NCNA
2317,NCNO
2318,NCSM
2319,NCTY
2320,NDAQ
2321,NDLS
2322,NDRA
2323,NDRAW
2324,NDSN
2325,NEO
2326,NEOG
2327,NEON
2328,NEOS
2329,NEPH
2330,NEPT
2331,NERV
2332,NESR
2333,NESRW
2334,NETE
2335,NEWA
2336,NEWT
2337,NEWTI
2338,NEWTL
2339,NEXT
2340,NFBK
2341,NFE
2342,NFIN
2343,NFINW
2344,NFLX
2345,NFTY
2346,NGACU
2347,NGHC
2348,NGHCN
2349,NGHCO
2350,NGHCP
2351,NGHCZ
2352,NGM
2353,NH
2354,NHIC
2355,NHICU
2356,NHICW
2357,NHLD
2358,NHLDW
2359,NHTC
2360,NICE
2361,NICK
2362,NIU
2363,NK
2364,NKLA
2365,NKSH
2366,NKTR
2367,NKTX
2368,NLOK
2369,NLTX
2370,NMCI
2371,NMFC
2372,NMFCL
2373,NMIH
2374,NMMCU
2375,NMRD
2376,NMRK
2377,NMTR
2378,NNBR
2379,NNDM
2380,NNOX
2381,NODK
2382,NOVN
2383,NOVS
2384,NOVSU
2385,NOVSW
2386,NOVT
2387,NPA
2388,NPAUU
2389,NPAWW
2390,NRBO
2391,NRC
2392,NRIM
2393,NRIX
2394,NSEC
2395,NSIT
2396,NSSC
2397,NSTG
2398,NSYS
2399,NTAP
2400,NTCT
2401,NTEC
2402,NTES
2403,NTGR
2404,NTIC
2405,NTLA
2406,NTNX
2407,NTRA
2408,NTRP
2409,NTRS
2410,NTRSO
2411,NTUS
2412,NTWK
2413,NUAN
2414,NURO
2415,NUVA
2416,NUZE
2417,NVAX
2418,NVCN
2419,NVCR
2420,NVDA
2421,NVEC
2422,NVEE
2423,NVFY
2424,NVIV
2425,NVMI
2426,NVUS
2427,NWBI
2428,NWE
2429,NWFL
2430,NWGI
2431,NWL
2432,NWLI
2433,NWPX
2434,NWS
2435,NWSA
2436,NXGN
2437,NXPI
2438,NXST
2439,NXTC
2440,NXTD
2441,NXTG
2442,NYMT
2443,NYMTM
2444,NYMTN
2445,NYMTO
2446,NYMTP
2447,NYMX
2448,OBAS
2449,OBCI
2450,OBLN
2451,OBNK
2452,OBSV
2453,OCC
2454,OCCI
2455,OCCIP
2456,OCFC
2457,OCFCP
2458,OCGN
2459,OCSI
2460,OCSL
2461,OCUL
2462,OCUP
2463,ODFL
2464,ODP
2465,ODT
2466,OEG
2467,OESX
2468,OFED
2469,OFIX
2470,OFLX
2471,OFS
2472,OFSSG
2473,OFSSI
2474,OFSSL
2475,OFSSZ
2476,OGI
2477,OIIM
2478,OKTA
2479,OLB
2480,OLD
2481,OLED
2482,OLLI
2483,OM
2484,OMAB
2485,OMCL
2486,OMER
2487,OMEX
2488,OMP
2489,ON
2490,ONB
2491,ONCR
2492,ONCS
2493,ONCT
2494,ONCY
2495,ONEM
2496,ONEQ
2497,ONEW
2498,ONTX
2499,ONTXW
2500,ONVO
2501,OPBK
2502,OPCH
2503,OPES
2504,OPESU
2505,OPESW
2506,OPGN
2507,OPHC
2508,OPI
2509,OPINI
2510,OPINL
2511,OPK
2512,OPNT
2513,OPOF
2514,OPRA
2515,OPRT
2516,OPRX
2517,OPT
2518,OPTN
2519,OPTT
2520,ORBC
2521,ORGO
2522,ORGS
2523,ORIC
2524,ORLY
2525,ORMP
2526,ORPH
2527,ORRF
2528,ORSN
2529,ORSNR
2530,ORSNU
2531,ORSNW
2532,ORTX
2533,OSBC
2534,OSIS
2535,OSMT
2536,OSN
2537,OSPN
2538,OSS
2539,OSTK
2540,OSUR
2541,OSW
2542,OTEL
2543,OTEX
2544,OTIC
2545,OTLK
2546,OTLKW
2547,OTRK
2548,OTRKP
2549,OTTR
2550,OVBC
2551,OVID
2552,OVLY
2553,OXBR
2554,OXBRW
2555,OXFD
2556,OXLC
2557,OXLCM
2558,OXLCO
2559,OXLCP
2560,OXSQ
2561,OXSQL
2562,OXSQZ
2563,OYST
2564,OZK
2565,PAAS
2566,PACB
2567,PACW
2568,PAE
2569,PAEWW
2570,PAHC
2571,PAICU
2572,PAND
2573,PANL
2574,PASG
2575,PATI
2576,PATK
2577,PAVM
2578,PAVMW
2579,PAVMZ
2580,PAYA
2581,PAYAW
2582,PAYS
2583,PAYX
2584,PBCT
2585,PBCTP
2586,PBFS
2587,PBHC
2588,PBIP
2589,PBPB
2590,PBTS
2591,PBYI
2592,PCAR
2593,PCB
2594,PCH
2595,PCOM
2596,PCRX
2597,PCSA
2598,PCSB
2599,PCTI
2600,PCTY
2601,PCVX
2602,PCYG
2603,PCYO
2604,PDBC
2605,PDCE
2606,PDCO
2607,PDD
2608,PDEV
2609,PDEX
2610,PDFS
2611,PDLB
2612,PDLI
2613,PDP
2614,PDSB
2615,PEBK
2616,PEBO
2617,PECK
2618,PEGA
2619,PEIX
2620,PENN
2621,PEP
2622,PERI
2623,PESI
2624,PETQ
2625,PETS
2626,PETZ
2627,PEY
2628,PEZ
2629,PFBC
2630,PFBI
2631,PFC
2632,PFF
2633,PFG
2634,PFHD
2635,PFI
2636,PFIE
2637,PFIN
2638,PFIS
2639,PFLT
2640,PFM
2641,PFMT
2642,PFPT
2643,PFSW
2644,PGC
2645,PGEN
2646,PGJ
2647,PGNY
2648,PHAS
2649,PHAT
2650,PHCF
2651,PHIO
2652,PHIOW
2653,PHO
2654,PHUN
2655,PHUNW
2656,PI
2657,PICO
2658,PID
2659,PIE
2660,PIH
2661,PIHPP
2662,PINC
2663,PIO
2664,PIRS
2665,PIXY
2666,PIZ
2667,PKBK
2668,PKOH
2669,PKW
2670,PLAB
2671,PLAY
2672,PLBC
2673,PLC
2674,PLCE
2675,PLIN
2676,PLL
2677,PLMR
2678,PLPC
2679,PLRX
2680,PLSE
2681,PLUG
2682,PLUS
2683,PLW
2684,PLXP
2685,PLXS
2686,PLYA
2687,PMBC
2688,PMD
2689,PME
2690,PMVP
2691,PNBK
2692,PNFP
2693,PNFPP
2694,PNNT
2695,PNNTG
2696,PNQI
2697,PNRG
2698,PNTG
2699,POAI
2700,PODD
2701,POLA
2702,POOL
2703,POTX
2704,POWI
2705,POWL
2706,PPBI
2707,PPC
2708,PPD
2709,PPH
2710,PPIH
2711,PPSI
2712,PRAA
2713,PRAH
2714,PRAX
2715,PRCP
2716,PRDO
2717,PRFT
2718,PRFX
2719,PRFZ
2720,PRGS
2721,PRGX
2722,PRIM
2723,PRLD
2724,PRN
2725,PROF
2726,PROG
2727,PROV
2728,PRPH
2729,PRPL
2730,PRPLW
2731,PRPO
2732,PRQR
2733,PRSC
2734,PRTA
2735,PRTH
2736,PRTK
2737,PRTS
2738,PRVB
2739,PRVL
2740,PS
2741,PSAC
2742,PSACU
2743,PSACW
2744,PSC
2745,PSCC
2746,PSCD
2747,PSCE
2748,PSCF
2749,PSCH
2750,PSCI
2751,PSCM
2752,PSCT
2753,PSCU
2754,PSEC
2755,PSET
2756,PSHG
2757,PSL
2758,PSMT
2759,PSNL
2760,PSTI
2761,PSTV
2762,PSTX
2763,PT
2764,PTAC
2765,PTACU
2766,PTACW
2767,PTC
2768,PTCT
2769,PTE
2770,PTEN
2771,PTF
2772,PTGX
2773,PTH
2774,PTI
2775,PTMN
2776,PTNR
2777,PTON
2778,PTRS
2779,PTSI
2780,PTVCA
2781,PTVCB
2782,PTVE
2783,PUI
2784,PULM
2785,PUYI
2786,PVAC
2787,PVBC
2788,PWFL
2789,PWOD
2790,PXI
2791,PXLW
2792,PXS
2793,PXSAP
2794,PXSAW
2795,PY
2796,PYPD
2797,PYPL
2798,PYZ
2799,PZZA
2800,QABA
2801,QADA
2802,QADB
2803,QAT
2804,QCLN
2805,QCOM
2806,QCRH
2807,QDEL
2808,QELLU
2809,QFIN
2810,QH
2811,QIWI
2812,QK
2813,QLGN
2814,QLYS
2815,QMCO
2816,QNST
2817,QQEW
2818,QQQ
2819,QQQJ
2820,QQQM
2821,QQQN
2822,QQQX
2823,QQXT
2824,QRHC
2825,QRTEA
2826,QRTEB
2827,QRTEP
2828,QRVO
2829,QTEC
2830,QTNT
2831,QTRX
2832,QTT
2833,QUIK
2834,QUMU
2835,QURE
2836,QYLD
2837,QYLG
2838,RACA
2839,RADA
2840,RADI
2841,RAIL
2842,RAND
2843,RAPT
2844,RARE
2845,RAVE
2846,RAVN
2847,RBB
2848,RBBN
2849,RBCAA
2850,RBCN
2851,RBKB
2852,RBNC
2853,RCEL
2854,RCHGU
2855,RCII
2856,RCKT
2857,RCKY
2858,RCM
2859,RCMT
2860,RCON
2861,RDCM
2862,RDFN
2863,RDHL
2864,RDI
2865,RDIB
2866,RDNT
2867,RDUS
2868,RDVT
2869,RDVY
2870,RDWR
2871,REAL
2872,REDU
2873,REED
2874,REFR
2875,REG
2876,REGI
2877,REGN
2878,REKR
2879,RELL
2880,RELV
2881,REPH
2882,REPL
2883,RESN
2884,RETA
2885,RETO
2886,REYN
2887,RFAP
2888,RFDI
2889,RFEM
2890,RFEU
2891,RFIL
2892,RGCO
2893,RGEN
2894,RGLD
2895,RGLS
2896,RGNX
2897,RGP
2898,RIBT
2899,RICK
2900,RIDE
2901,RIDEW
2902,RIGL
2903,RILY
2904,RILYG
2905,RILYH
2906,RILYI
2907,RILYL
2908,RILYM
2909,RILYN
2910,RILYO
2911,RILYP
2912,RILYZ
2913,RING
2914,RIOT
2915,RIVE
2916,RKDA
2917,RLAY
2918,RLMD
2919,RMBI
2920,RMBL
2921,RMBS
2922,RMCF
2923,RMNI
2924,RMR
2925,RMRM
2926,RMTI
2927,RNA
2928,RNDB
2929,RNDM
2930,RNDV
2931,RNEM
2932,RNET
2933,RNLC
2934,RNLX
2935,RNMC
2936,RNSC
2937,RNST
2938,RNWK
2939,ROAD
2940,ROBT
2941,ROCH
2942,ROCHU
2943,ROCHW
2944,ROCK
2945,ROIC
2946,ROKU
2947,ROLL
2948,ROOT
2949,ROST
2950,RP
2951,RPAY
2952,RPD
2953,RPRX
2954,RPTX
2955,RRBI
2956,RRGB
2957,RRR
2958,RSSS
2959,RTH
2960,RTLR
2961,RTRX
2962,RUBY
2963,RUHN
2964,RUN
2965,RUSHA
2966,RUSHB
2967,RUTH
2968,RVMD
2969,RVNC
2970,RVSB
2971,RWLK
2972,RXT
2973,RYAAY
2974,RYTM
2975,SABR
2976,SABRP
2977,SAFM
2978,SAFT
2979,SAGE
2980,SAIA
2981,SAII
2982,SAIIU
2983,SAIIW
2984,SAL
2985,SALM
2986,SAMA
2987,SAMAW
2988,SAMG
2989,SANM
2990,SANW
2991,SASR
2992,SATS
2993,SAVA
2994,SBAC
2995,SBBP
2996,SBCF
2997,SBFG
2998,SBGI
2999,SBLK
3000,SBLKZ
3001,SBNY
3002,SBPH
3003,SBRA
3004,SBSI
3005,SBT
3006,SBUX
3007,SCHL
3008,SCHN
3009,SCKT
3010,SCOR
3011,SCPH
3012,SCPL
3013,SCSC
3014,SCVL
3015,SCWX
3016,SCYX
3017,SCZ
3018,SDC
3019,SDG
3020,SDGR
3021,SDVY
3022,SEAC
3023,SECO
3024,SEDG
3025,SEED
3026,SEEL
3027,SEIC
3028,SELB
3029,SELF
3030,SENEA
3031,SENEB
3032,SESN
3033,SFBC
3034,SFBS
3035,SFET
3036,SFIX
3037,SFM
3038,SFNC
3039,SFST
3040,SFT
3041,SFTTW
3042,SG
3043,SGA
3044,SGBX
3045,SGC
3046,SGEN
3047,SGH
3048,SGLB
3049,SGLBW
3050,SGMA
3051,SGMO
3052,SGMS
3053,SGOC
3054,SGRP
3055,SGRY
3056,SHBI
3057,SHEN
3058,SHIP
3059,SHIPW
3060,SHIPZ
3061,SHLD
3062,SHOO
3063,SHSP
3064,SHV
3065,SHY
3066,SHYF
3067,SIBN
3068,SIC
3069,SIEB
3070,SIEN
3071,SIFY
3072,SIGA
3073,SIGI
3074,SILC
3075,SILK
3076,SIMO
3077,SINA
3078,SINO
3079,SINT
3080,SIRI
3081,SITM
3082,SIVB
3083,SIVBP
3084,SJ
3085,SKOR
3086,SKYW
3087,SKYY
3088,SLAB
3089,SLCT
3090,SLDB
3091,SLGG
3092,SLGL
3093,SLGN
3094,SLM
3095,SLMBP
3096,SLN
3097,SLNO
3098,SLP
3099,SLQD
3100,SLRC
3101,SLRX
3102,SLS
3103,SLVO
3104,SMBC
3105,SMBK
3106,SMCI
3107,SMCP
3108,SMED
3109,SMH
3110,SMIT
3111,SMMC
3112,SMMCU
3113,SMMCW
3114,SMMF
3115,SMMT
3116,SMPL
3117,SMSI
3118,SMTC
3119,SMTI
3120,SMTX
3121,SNBP
3122,SNBR
3123,SNCA
3124,SNCR
3125,SND
3126,SNDE
3127,SNDL
3128,SNDX
3129,SNES
3130,SNEX
3131,SNFCA
3132,SNGX
3133,SNGXW
3134,SNLN
3135,SNOA
3136,SNPS
3137,SNSR
3138,SNSS
3139,SNUG
3140,SNY
3141,SOCL
3142,SOHO
3143,SOHOB
3144,SOHON
3145,SOHOO
3146,SOHU
3147,SOLO
3148,SOLOW
3149,SOLY
3150,SONA
3151,SONM
3152,SONN
3153,SONO
3154,SOXX
3155,SP
3156,SPCB
3157,SPFI
3158,SPI
3159,SPKE
3160,SPKEP
3161,SPLK
3162,SPNE
3163,SPNS
3164,SPOK
3165,SPPI
3166,SPQQ
3167,SPRB
3168,SPRO
3169,SPRT
3170,SPSC
3171,SPT
3172,SPTN
3173,SPWH
3174,SPWR
3175,SQBG
3176,SQFT
3177,SQLV
3178,SQQQ
3179,SRAC
3180,SRACU
3181,SRACW
3182,SRAX
3183,SRCE
3184,SRCL
3185,SRDX
3186,SRET
3187,SREV
3188,SRGA
3189,SRNE
3190,SRPT
3191,SRRA
3192,SRRK
3193,SRSAU
3194,SRTS
3195,SSB
3196,SSBI
3197,SSKN
3198,SSNC
3199,SSNT
3200,SSP
3201,SSPK
3202,SSPKU
3203,SSPKW
3204,SSRM
3205,SSSS
3206,SSTI
3207,SSYS
3208,STAA
3209,STAF
3210,STAY
3211,STBA
3212,STCN
3213,STEP
3214,STFC
3215,STIM
3216,STKL
3217,STKS
3218,STLD
3219,STMP
3220,STND
3221,STNE
3222,STOK
3223,STRA
3224,STRL
3225,STRM
3226,STRO
3227,STRS
3228,STRT
3229,STSA
3230,STTK
3231,STWOU
3232,STX
3233,STXB
3234,SUMO
3235,SUMR
3236,SUNS
3237,SUNW
3238,SUPN
3239,SURF
3240,SUSB
3241,SUSC
3242,SUSL
3243,SVAC
3244,SVACU
3245,SVACW
3246,SVBI
3247,SVC
3248,SVMK
3249,SVRA
3250,SVVC
3251,SWAV
3252,SWBI
3253,SWIR
3254,SWKH
3255,SWKS
3256,SWTX
3257,SXTC
3258,SY
3259,SYBT
3260,SYBX
3261,SYKE
3262,SYNA
3263,SYNC
3264,SYNH
3265,SYNL
3266,SYPR
3267,SYRS
3268,SYTA
3269,SYTAW
3270,TA
3271,TACO
3272,TACT
3273,TAIT
3274,TANH
3275,TANNI
3276,TANNL
3277,TANNZ
3278,TAOP
3279,TARA
3280,TARS
3281,TAST
3282,TATT
3283,TAYD
3284,TBBK
3285,TBIO
3286,TBK
3287,TBKCP
3288,TBLT
3289,TBLTW
3290,TBNK
3291,TBPH
3292,TC
3293,TCBI
3294,TCBIL
3295,TCBIP
3296,TCBK
3297,TCCO
3298,TCDA
3299,TCF
3300,TCFC
3301,TCFCP
3302,TCMD
3303,TCOM
3304,TCON
3305,TCPC
3306,TCRR
3307,TCX
3308,TDAC
3309,TDACW
3310,TDIV
3311,TEAM
3312,TECH
3313,TECTP
3314,TEDU
3315,TEKKU
3316,TELA
3317,TELL
3318,TENB
3319,TENX
3320,TER
3321,TESS
3322,TEUM
3323,TFFP
3324,TFSL
3325,TGA
3326,TGLS
3327,TGTX
3328,TH
3329,THBR
3330,THBRW
3331,THCA
3332,THCAU
3333,THCAW
3334,THCB
3335,THCBU
3336,THCBW
3337,THFF
3338,THMO
3339,THRM
3340,THRY
3341,THTX
3342,THWWW
3343,TIG
3344,TIGO
3345,TIGR
3346,TILE
3347,TIPT
3348,TITN
3349,TLC
3350,TLGT
3351,TLMD
3352,TLMDW
3353,TLND
3354,TLRY
3355,TLSA
3356,TLT
3357,TMDI
3358,TMDX
3359,TMPMU
3360,TMTS
3361,TMTSU
3362,TMTSW
3363,TMUS
3364,TNAV
3365,TNDM
3366,TNXP
3367,TOMZ
3368,TOPS
3369,TOTA
3370,TOTAR
3371,TOTAW
3372,TOUR
3373,TOWN
3374,TPCO
3375,TPIC
3376,TPTX
3377,TQQQ
3378,TRCH
3379,TREE
3380,TRHC
3381,TRIB
3382,TRIL
3383,TRIP
3384,TRMB
3385,TRMD
3386,TRMK
3387,TRMT
3388,TRNS
3389,TROW
3390,TRS
3391,TRST
3392,TRUE
3393,TRUP
3394,TRVG
3395,TRVI
3396,TRVN
3397,TSBK
3398,TSC
3399,TSCAP
3400,TSCBP
3401,TSCO
3402,TSEM
3403,TSHA
3404,TSLA
3405,TSRI
3406,TTCF
3407,TTCFW
3408,TTD
3409,TTEC
3410,TTEK
3411,TTGT
3412,TTMI
3413,TTNP
3414,TTOO
3415,TTTN
3416,TTWO
3417,TUR
3418,TURN
3419,TUSA
3420,TUSK
3421,TVTY
3422,TW
3423,TWCT
3424,TWCTU
3425,TWCTW
3426,TWIN
3427,TWNK
3428,TWNKW
3429,TWOU
3430,TWST
3431,TXG
3432,TXMD
3433,TXN
3434,TXRH
3435,TYHT
3436,TYME
3437,TZAC
3438,TZACW
3439,TZOO
3440,UAE
3441,UAL
3442,UBCP
3443,UBFO
3444,UBOH
3445,UBSI
3446,UBX
3447,UCBI
3448,UCBIO
3449,UCL
3450,UCTT
3451,UEIC
3452,UEPS
3453,UFCS
3454,UFO
3455,UFPI
3456,UFPT
3457,UG
3458,UHAL
3459,UIHC
3460,ULBI
3461,ULH
3462,ULTA
3463,UMBF
3464,UMPQ
3465,UNAM
3466,UNB
3467,UNIT
3468,UNTY
3469,UONE
3470,UONEK
3471,UPLD
3472,UPWK
3473,URBN
3474,URGN
3475,UROV
3476,USAK
3477,USAP
3478,USAU
3479,USCR
3480,USEG
3481,USIG
3482,USIO
3483,USLB
3484,USLM
3485,USMC
3486,USOI
3487,USWS
3488,USWSW
3489,USXF
3490,UTHR
3491,UTMD
3492,UTSI
3493,UVSP
3494,UXIN
3495,VACQU
3496,VALU
3497,VBFC
3498,VBIV
3499,VBLT
3500,VBTX
3501,VC
3502,VCEL
3503,VCIT
3504,VCLT
3505,VCNX
3506,VCSH
3507,VCTR
3508,VCYT
3509,VECO
3510,VEON
3511,VERB
3512,VERBW
3513,VERI
3514,VERO
3515,VERU
3516,VERX
3517,VERY
3518,VFF
3519,VG
3520,VGIT
3521,VGLT
3522,VGSH
3523,VIAC
3524,VIACA
3525,VIAV
3526,VICR
3527,VIE
3528,VIGI
3529,VIHAU
3530,VIOT
3531,VIR
3532,VIRC
3533,VIRT
3534,VISL
3535,VITL
3536,VIVE
3537,VIVO
3538,VJET
3539,VKTX
3540,VKTXW
3541,VLDR
3542,VLDRW
3543,VLGEA
3544,VLY
3545,VLYPO
3546,VLYPP
3547,VMAC
3548,VMACU
3549,VMACW
3550,VMBS
3551,VMD
3552,VNDA
3553,VNET
3554,VNOM
3555,VNQI
3556,VOD
3557,VONE
3558,VONG
3559,VONV
3560,VOXX
3561,VPN
3562,VRA
3563,VRAY
3564,VRCA
3565,VREX
3566,VRIG
3567,VRM
3568,VRME
3569,VRMEW
3570,VRNA
3571,VRNS
3572,VRNT
3573,VRRM
3574,VRSK
3575,VRSN
3576,VRTS
3577,VRTU
3578,VRTX
3579,VSAT
3580,VSDA
3581,VSEC
3582,VSMV
3583,VSPRU
3584,VSTA
3585,VSTM
3586,VTC
3587,VTGN
3588,VTHR
3589,VTIP
3590,VTNR
3591,VTRU
3592,VTSI
3593,VTVT
3594,VTWG
3595,VTWO
3596,VTWV
3597,VUZI
3598,VVPR
3599,VWOB
3600,VXRT
3601,VXUS
3602,VYGR
3603,VYMI
3604,VYNE
3605,WABC
3606,WAFD
3607,WAFU
3608,WASH
3609,WATT
3610,WB
3611,WBA
3612,WBND
3613,WCLD
3614,WDAY
3615,WDC
3616,WDFC
3617,WEN
3618,WERN
3619,WETF
3620,WEYS
3621,WHF
3622,WHFBZ
3623,WHLM
3624,WHLR
3625,WHLRD
3626,WHLRP
3627,WIFI
3628,WILC
3629,WIMI
3630,WINA
3631,WINC
3632,WING
3633,WINT
3634,WIRE
3635,WISA
3636,WIX
3637,WKEY
3638,WKHS
3639,WLDN
3640,WLFC
3641,WLTW
3642,WMG
3643,WMGI
3644,WNEB
3645,WOOD
3646,WORX
3647,WPRT
3648,WRLD
3649,WRTC
3650,WSBC
3651,WSBCP
3652,WSBF
3653,WSC
3654,WSFS
3655,WSG
3656,WSTG
3657,WTBA
3658,WTER
3659,WTFC
3660,WTFCM
3661,WTFCP
3662,WTRE
3663,WTREP
3664,WTRH
3665,WVE
3666,WVFC
3667,WVVI
3668,WVVIP
3669,WW
3670,WWD
3671,WWR
3672,WYNN
3673,XAIR
3674,XBIO
3675,XBIT
3676,XCUR
3677,XEL
3678,XELA
3679,XELB
3680,XENE
3681,XENT
3682,XERS
3683,XFOR
3684,XGN
3685,XLNX
3686,XLRN
3687,XNCR
3688,XNET
3689,XOMA
3690,XONE
3691,XP
3692,XPEL
3693,XPER
3694,XRAY
3695,XSPA
3696,XT
3697,XTLB
3698,YGMZ
3699,YGYI
3700,YGYIP
3701,YI
3702,YIN
3703,YJ
3704,YLCO
3705,YLDE
3706,YMAB
3707,YNDX
3708,YORW
3709,YRCW
3710,YSACU
3711,YTEN
3712,YTRA
3713,YVR
3714,YY
3715,Z
3716,ZAGG
3717,ZBRA
3718,ZCMD
3719,ZEAL
3720,ZEUS
3721,ZG
3722,ZGNX
3723,ZGYH
3724,ZGYHR
3725,ZGYHU
3726,ZGYHW
3727,ZI
3728,ZION
3729,ZIONL
3730,ZIONN
3731,ZIONO
3732,ZIONP
3733,ZIOP
3734,ZIXI
3735,ZKIN
3736,ZLAB
3737,ZM
3738,ZNGA
3739,ZNTL
3740,ZS
3741,ZSAN
3742,ZUMZ
3743,ZVO
3744,ZYNE
3745,ZYXI
3746,AA
3747,AAI-B
3748,AAI-C
3749,AAIC
3750,AAN
3751,AAP
3752,AAT
3753,AB
3754,ABB
3755,ABBV
3756,ABC
3757,ABEV
3758,ABG
3759,ABM
3760,ABR
3761,ABR-A
3762,ABR-B
3763,ABR-C
3764,ABT
3765,AC
3766,ACA
3767,ACB
3768,ACC
3769,ACCO
3770,ACEL
3771,ACH
3772,ACI
3773,ACI.U
3774,ACM
3775,ACN
3776,ACN.U
3777,ACN.W
3778,ACND
3779,ACP
3780,ACRE
3781,ACV
3782,ADC
3783,ADCT
3784,ADM
3785,ADNT
3786,ADS
3787,ADT
3788,ADX
3789,AEB
3790,AEE
3791,AEFC
3792,AEG
3793,AEL
3794,AEL-A
3795,AEL-B
3796,AEM
3797,AEO
3798,AER
3799,AES
3800,AFB
3801,AFC
3802,AFG
3803,AFGB
3804,AFGC
3805,AFGD
3806,AFGE
3807,AFGH
3808,AFI
3809,AFL
3810,AFT
3811,AG
3812,AGCO
3813,AGD
3814,AGI
3815,AGM
3816,AGM-C
3817,AGM-D
3818,AGM-E
3819,AGM-F
3820,AGM.A
3821,AGO
3822,AGO-B
3823,AGO-E
3824,AGO-F
3825,AGR
3826,AGRO
3827,AGS
3828,AGX
3829,AHC
3830,AHH
3831,AHH-A
3832,AHL-C
3833,AHL-D
3834,AHL-E
3835,AHT
3836,AHT-D
3837,AHT-F
3838,AHT-G
3839,AHT-H
3840,AHT-I
3841,AIC
3842,AIF
3843,AIG
3844,AIG-A
3845,AIG.W
3846,AIN
3847,AIO
3848,AIR
3849,AIT
3850,AIV
3851,AIW
3852,AIZ
3853,AIZP
3854,AJA.U
3855,AJG
3856,AJRD
3857,AJX
3858,AJXA
3859,AKO.A
3860,AKO.B
3861,AKR
3862,AL
3863,AL-A
3864,ALB
3865,ALC
3866,ALE
3867,ALEX
3868,ALG
3869,ALI-A
3870,ALI-B
3871,ALI-E
3872,ALK
3873,ALL
3874,ALL-B
3875,ALL-G
3876,ALL-H
3877,ALL-I
3878,ALL-Y
3879,ALLE
3880,ALLY
3881,ALP-Q
3882,ALSN
3883,ALT.W
3884,ALTG
3885,ALU.W
3886,ALUS
3887,ALV
3888,ALX
3889,AM
3890,AMB.W
3891,AMBC
3892,AMC
3893,AMCR
3894,AME
3895,AMG
3896,AMH
3897,AMH-D
3898,AMH-E
3899,AMH-F
3900,AMH-G
3901,AMH-H
3902,AMK
3903,AMN
3904,AMOV
3905,AMP
3906,AMPY
3907,AMRC
3908,AMRX
3909,AMT
3910,AMWL
3911,AMX
3912,AN
3913,ANET
3914,ANF
3915,ANH
3916,ANH-A
3917,ANH-B
3918,ANH-C
3919,ANTM
3920,AOD
3921,AON
3922,AON.U
3923,AON.W
3924,AONE
3925,AOS
3926,AP
3927,APAM
3928,APD
3929,APG
3930,APH
3931,APLE
3932,APO
3933,APO-A
3934,APO-B
3935,APRN
3936,APS.U
3937,APT-A
3938,APTS
3939,APTV
3940,AQN
3941,AQNA
3942,AQNB
3943,AQUA
3944,AR
3945,ARA
3946,ARC
3947,ARCH
3948,ARCO
3949,ARD
3950,ARDC
3951,ARE
3952,ARE-A
3953,ARES
3954,ARG-A
3955,ARGD
3956,ARGO
3957,ARI
3958,ARL
3959,ARLO
3960,ARMK
3961,ARNC
3962,AROC
3963,ARR
3964,ARR-C
3965,ARW
3966,ASA
3967,ASA.U
3968,ASA.W
3969,ASAN
3970,ASAQ
3971,ASB
3972,ASB-C
3973,ASB-D
3974,ASB-E
3975,ASB-F
3976,ASC
3977,ASG
3978,ASGI
3979,ASGN
3980,ASH
3981,ASIX
3982,ASP.U
3983,ASPN
3984,ASR
3985,ASX
3986,AT
3987,ATA.U
3988,ATC-D
3989,ATC-E
3990,ATC-G
3991,ATC-H
3992,ATC-I
3993,ATCO
3994,ATEN
3995,ATGE
3996,ATH
3997,ATH-A
3998,ATH-B
3999,ATH-C
4000,ATHM
4001,ATI
4002,ATKR
4003,ATO
4004,ATR
4005,ATTO
4006,ATUS
4007,ATV
4008,AU
4009,AUY
4010,AVA
4011,AVA.U
4012,AVAL
4013,AVB
4014,AVD
4015,AVK
4016,AVLR
4017,AVNS
4018,AVNT
4019,AVT-A
4020,AVTR
4021,AVY
4022,AVYA
4023,AWF
4024,AWI
4025,AWK
4026,AWP
4027,AWR
4028,AX
4029,AXL
4030,AXO
4031,AXP
4032,AXR
4033,AXS
4034,AXS-E
4035,AXTA
4036,AYI
4037,AYX
4038,AZEK
4039,AZO
4040,AZRE
4041,AZUL
4042,AZZ
4043,B
4044,BA
4045,BABA
4046,BAC
4047,BAC-A
4048,BAC-B
4049,BAC-C
4050,BAC-E
4051,BAC-K
4052,BAC-L
4053,BAC-M
4054,BAC-N
4055,BAC-O
4056,BAF
4057,BAH
4058,BAK
4059,BAM
4060,BAMH
4061,BAN-D
4062,BAN-E
4063,BANC
4064,BAP
4065,BAX
4066,BB
4067,BBAR
4068,BBD
4069,BBDC
4070,BBDO
4071,BBF
4072,BBK
4073,BBL
4074,BBN
4075,BBU
4076,BBVA
4077,BBW
4078,BBY
4079,BC
4080,BC-A
4081,BC-B
4082,BC-C
4083,BCAT
4084,BCC
4085,BCE
4086,BCEI
4087,BCH
4088,BCO
4089,BCS
4090,BCSF
4091,BCX
4092,BDC
4093,BDJ
4094,BDN
4095,BDX
4096,BDXB
4097,BE
4098,BEDU
4099,BEKE
4100,BEN
4101,BEP
4102,BEP-A
4103,BEPC
4104,BERY
4105,BEST
4106,BF.A
4107,BF.B
4108,BFAM
4109,BFK
4110,BFO
4111,BFS
4112,BFS-D
4113,BFS-E
4114,BFT
4115,BFT.U
4116,BFT.W
4117,BFY
4118,BFZ
4119,BG
4120,BGB
4121,BGH
4122,BGIO
4123,BGR
4124,BGS
4125,BGSF
4126,BGT
4127,BGX
4128,BGY
4129,BH
4130,BH.A
4131,BHC
4132,BHE
4133,BHK
4134,BHLB
4135,BHP
4136,BHR
4137,BHR-B
4138,BHR-D
4139,BHV
4140,BHVN
4141,BIF
4142,BIG
4143,BILL
4144,BIO
4145,BIO.B
4146,BIP
4147,BIP-A
4148,BIPC
4149,BIT
4150,BJ
4151,BK
4152,BK-C
4153,BKD
4154,BKE
4155,BKH
4156,BKI
4157,BKK
4158,BKN
4159,BKR
4160,BKT
4161,BKU
4162,BLD
4163,BLE
4164,BLK
4165,BLL
4166,BLW
4167,BLX
4168,BMA
4169,BME
4170,BMEZ
4171,BMI
4172,BML-G
4173,BML-H
4174,BML-J
4175,BML-L
4176,BMO
4177,BMR.U
4178,BMR.W
4179,BMRG
4180,BMY
4181,BMY.P
4182,BNED
4183,BNL
4184,BNS
4185,BNY
4186,BOA.U
4187,BOE
4188,BOH
4189,BOOT
4190,BORR
4191,BOX
4192,BP
4193,BPMP
4194,BPT
4195,BQ
4196,BR
4197,BRBR
4198,BRC
4199,BRFS
4200,BRK.A
4201,BRK.B
4202,BRMK
4203,BRO
4204,BRT
4205,BRX
4206,BSA
4207,BSAC
4208,BSBR
4209,BSD
4210,BSE
4211,BSIG
4212,BSL
4213,BSM
4214,BSMX
4215,BSN
4216,BSN.U
4217,BSN.W
4218,BST
4219,BSTZ
4220,BSX
4221,BSX-A
4222,BTA
4223,BTE
4224,BTI
4225,BTO
4226,BTT
4227,BTU
4228,BTZ
4229,BUD
4230,BUI
4231,BUR
4232,BURL
4233,BV
4234,BVH
4235,BVN
4236,BW
4237,BWA
4238,BWG
4239,BWXT
4240,BX
4241,BXC
4242,BXG
4243,BXMT
4244,BXMX
4245,BXP
4246,BXP-B
4247,BXS
4248,BXS-A
4249,BY
4250,BYD
4251,BYM
4252,BZH
4253,BZM
4254,C
4255,C-J
4256,C-K
4257,C-N
4258,C-S
4259,CAAP
4260,CABO
4261,CACI
4262,CADE
4263,CAE
4264,CAF
4265,CAG
4266,CAH
4267,CAI
4268,CAI-A
4269,CAI-B
4270,CAJ
4271,CAL
4272,CALX
4273,CANG
4274,CAPL
4275,CARR
4276,CARS
4277,CAT
4278,CATO
4279,CB
4280,CBB
4281,CBB-B
4282,CBD
4283,CBH
4284,CBRE
4285,CBT
4286,CBU
4287,CBZ
4288,CC
4289,CCA.U
4290,CCA.W
4291,CCAC
4292,CCC
4293,CCEP
4294,CCI
4295,CCI.U
4296,CCI.W
4297,CCIV
4298,CCJ
4299,CCK
4300,CCL
4301,CCM
4302,CCO
4303,CCR
4304,CCS
4305,CCU
4306,CCX
4307,CCX.U
4308,CCX.W
4309,CCZ
4310,CDAY
4311,CDE
4312,CDR
4313,CDR-B
4314,CDR-C
4315,CE
4316,CEA
4317,CEE
4318,CEIX
4319,CEL
4320,CEL.P
4321,CELP
4322,CEM
4323,CEN
4324,CEO
4325,CEPU
4326,CEQ.P
4327,CEQP
4328,CF
4329,CFG
4330,CFG-D
4331,CFG-E
4332,CFR
4333,CFX
4334,CFXA
4335,CGA
4336,CGC
4337,CHA
4338,CHCT
4339,CHD
4340,CHE
4341,CHGG
4342,CHH
4343,CHL
4344,CHM-A
4345,CHM-B
4346,CHMI
4347,CHN
4348,CHRA
4349,CHS
4350,CHT
4351,CHU
4352,CHWY
4353,CHX
4354,CI
4355,CIA
4356,CIB
4357,CIEN
4358,CIF
4359,CIG
4360,CIG.C
4361,CII
4362,CIM
4363,CIM-A
4364,CIM-B
4365,CIM-C
4366,CIM-D
4367,CINR
4368,CIO
4369,CIO-A
4370,CIR
4371,CIT
4372,CIT-B
4373,CKH
4374,CL
4375,CLA
4376,CLA.U
4377,CLA.W
4378,CLB
4379,CLDR
4380,CLDT
4381,CLF
4382,CLGX
4383,CLH
4384,CLI
4385,CLI.U
4386,CLN-G
4387,CLN-H
4388,CLN-I
4389,CLN-J
4390,CLNC
4391,CLNY
4392,CLPR
4393,CLR
4394,CLS
4395,CLW
4396,CLX
4397,CM
4398,CMA
4399,CMC
4400,CMCM
4401,CMD
4402,CMG
4403,CMI
4404,CMO
4405,CMO-E
4406,CMP
4407,CMR-B
4408,CMR-C
4409,CMR-D
4410,CMR-E
4411,CMRE
4412,CMS
4413,CMS-B
4414,CMSA
4415,CMSC
4416,CMSD
4417,CMU
4418,CNA
4419,CNC
4420,CNF
4421,CNHI
4422,CNI
4423,CNK
4424,CNMD
4425,CNNE
4426,CNO
4427,CNP
4428,CNP-B
4429,CNQ
4430,CNR
4431,CNS
4432,CNX
4433,CO
4434,COD-A
4435,COD-B
4436,COD-C
4437,CODI
4438,COE
4439,COF
4440,COF-F
4441,COF-G
4442,COF-H
4443,COF-I
4444,COF-J
4445,COF-K
4446,COG
4447,COLD
4448,COO
4449,COP
4450,COR
4451,COR-Z
4452,CORR
4453,COTY
4454,CP
4455,CPA
4456,CPAC
4457,CPB
4458,CPE
4459,CPF
4460,CPG
4461,CPK
4462,CPLG
4463,CPRI
4464,CPS
4465,CPS.U
4466,CPS.W
4467,CPSR
4468,CPT
4469,CR
4470,CRC
4471,CRD.A
4472,CRD.B
4473,CRH
4474,CRH.U
4475,CRH.W
4476,CRHC
4477,CRI
4478,CRK
4479,CRL
4480,CRM
4481,CRS
4482,CRT
4483,CRY
4484,CS
4485,CSL
4486,CSLT
4487,CSPR
4488,CSTM
4489,CSU
4490,CSV
4491,CTA-A
4492,CTA-B
4493,CTA.U
4494,CTAA
4495,CTB
4496,CTBB
4497,CTDD
4498,CTK
4499,CTLT
4500,CTR
4501,CTRA
4502,CTS
4503,CTT
4504,CTVA
4505,CTY
4506,CUB
4507,CUB-C
4508,CUB-D
4509,CUB-E
4510,CUB-F
4511,CUBB
4512,CUBE
4513,CUBI
4514,CUK
4515,CULP
4516,CURO
4517,CUZ
4518,CVA
4519,CVE
4520,CVEO
4521,CVI
4522,CVNA
4523,CVS
4524,CVX
4525,CW
4526,CWE.A
4527,CWEN
4528,CWH
4529,CWK
4530,CWT
4531,CX
4532,CXE
4533,CXH
4534,CXO
4535,CXP
4536,CXW
4537,CYD
4538,CYH
4539,CZZ
4540,D
4541,DAC
4542,DAL
4543,DAN
4544,DAO
4545,DAR
4546,DAVA
4547,DB
4548,DBD
4549,DBI
4550,DBL
4551,DCF
4552,DCI
4553,DCO
4554,DCP
4555,DCP-B
4556,DCP-C
4557,DCUE
4558,DD
4559,DDD
4560,DDF
4561,DDS
4562,DDT
4563,DE
4564,DEA
4565,DECK
4566,DEH
4567,DEH.U
4568,DEH.W
4569,DEI
4570,DELL
4571,DEN
4572,DEO
4573,DESP
4574,DEX
4575,DFIN
4576,DFN.U
4577,DFN.W
4578,DFNS
4579,DFP
4580,DFS
4581,DG
4582,DGN.U
4583,DGN.W
4584,DGNR
4585,DGX
4586,DHF
4587,DHI
4588,DHR
4589,DHR-A
4590,DHR-B
4591,DHT
4592,DHX
4593,DIAX
4594,DIN
4595,DIS
4596,DK
4597,DKL
4598,DKS
4599,DL
4600,DLB
4601,DLN-A
4602,DLN-B
4603,DLNG
4604,DLR
4605,DLR-C
4606,DLR-J
4607,DLR-K
4608,DLR-L
4609,DLX
4610,DLY
4611,DMB
4612,DMO
4613,DMS
4614,DMS.W
4615,DMY.S
4616,DMY.T
4617,DMY.U
4618,DMY.W
4619,DMYD
4620,DMYT
4621,DNB
4622,DNK
4623,DNOW
4624,DNP
4625,DOC
4626,DOOR
4627,DOV
4628,DOW
4629,DPG
4630,DPZ
4631,DQ
4632,DRD
4633,DRE
4634,DRH
4635,DRH-A
4636,DRI
4637,DRQ
4638,DRUA
4639,DS
4640,DS-B
4641,DS-C
4642,DS-D
4643,DSE
4644,DSL
4645,DSM
4646,DSSI
4647,DSU
4648,DSX
4649,DSX-B
4650,DT
4651,DTB
4652,DTE
4653,DTF
4654,DTJ
4655,DTL.P
4656,DTP
4657,DTW
4658,DTY
4659,DUC
4660,DUK
4661,DUK-A
4662,DUKB
4663,DUKH
4664,DVA
4665,DVD
4666,DVN
4667,DX
4668,DX-B
4669,DX-C
4670,DXC
4671,DY
4672,DYFN
4673,E
4674,EAF
4675,EAI
4676,EARN
4677,EAT
4678,EB
4679,EBF
4680,EBR
4681,EBR.B
4682,EBS
4683,EC
4684,ECC
4685,ECCB
4686,ECCX
4687,ECCY
4688,ECL
4689,ECOM
4690,ED
4691,EDD
4692,EDF
4693,EDI
4694,EDN
4695,EDU
4696,EEA
4697,EEX
4698,EFC
4699,EFC-A
4700,EFF
4701,EFL
4702,EFR
4703,EFT
4704,EFX
4705,EGF
4706,EGHT
4707,EGO
4708,EGP
4709,EGY
4710,EHC
4711,EHI
4712,EHT
4713,EIC
4714,EIG
4715,EIX
4716,EL
4717,ELAN
4718,ELAT
4719,ELC
4720,ELF
4721,ELJ
4722,ELP
4723,ELS
4724,ELU
4725,ELVT
4726,ELY
4727,EMD
4728,EME
4729,EMF
4730,EMN
4731,EMO
4732,EMP
4733,EMP.U
4734,EMR
4735,ENB
4736,ENBA
4737,ENBL
4738,ENIA
4739,ENIC
4740,ENJ
4741,ENLC
4742,ENO
4743,ENP.U
4744,ENP.W
4745,ENPC
4746,ENR
4747,ENR-A
4748,ENS
4749,ENV
4750,ENVA
4751,ENZ
4752,EOD
4753,EOG
4754,EOI
4755,EOS
4756,EOT
4757,EP-C
4758,EPAC
4759,EPAM
4760,EPC
4761,EPD
4762,EPR
4763,EPR-C
4764,EPR-E
4765,EPR-G
4766,EPRT
4767,EQC
4768,EQC-D
4769,EQD
4770,EQD.U
4771,EQD.W
4772,EQH
4773,EQH-A
4774,EQNR
4775,EQR
4776,EQS
4777,EQT
4778,ERF
4779,ERJ
4780,ES
4781,ESE
4782,ESGC
4783,ESI
4784,ESNT
4785,ESRT
4786,ESS
4787,ESTC
4788,ESTE
4789,ET
4790,ETB
4791,ETG
4792,ETH
4793,ETI.P
4794,ETJ
4795,ETM
4796,ETN
4797,ETO
4798,ETP-C
4799,ETP-D
4800,ETP-E
4801,ETR
4802,ETRN
4803,ETV
4804,ETW
4805,ETX
4806,ETY
4807,EURN
4808,EV
4809,EVA
4810,EVC
4811,EVF
4812,EVG
4813,EVH
4814,EVN
4815,EVR
4816,EVRG
4817,EVRI
4818,EVT
4819,EVTC
4820,EW
4821,EXD
4822,EXG
4823,EXK
4824,EXP
4825,EXPR
4826,EXR
4827,EXTN
4828,F
4829,F-B
4830,F-C
4831,FAF
4832,FAI.U
4833,FAI.W
4834,FAII
4835,FAM
4836,FBC
4837,FBHS
4838,FBK
4839,FBM
4840,FBP
4841,FC
4842,FCAU
4843,FCF
4844,FCN
4845,FCPT
4846,FCRW
4847,FCRZ
4848,FCT
4849,FCX
4850,FDEU
4851,FDP
4852,FDS
4853,FDX
4854,FE
4855,FEA.U
4856,FEA.W
4857,FEAC
4858,FEDU
4859,FEI
4860,FENG
4861,FEO
4862,FET
4863,FF
4864,FFA
4865,FFC
4866,FFG
4867,FGB
4868,FGN.U
4869,FHI
4870,FHN
4871,FHN-A
4872,FHN-B
4873,FHN-C
4874,FHN-D
4875,FHN-E
4876,FI
4877,FICO
4878,FIF
4879,FINS
4880,FINV
4881,FIS
4882,FIT
4883,FIV
4884,FIX
4885,FL
4886,FLC
4887,FLNG
4888,FLO
4889,FLOW
4890,FLR
4891,FLS
4892,FLT
4893,FLY
4894,FMA.U
4895,FMC
4896,FMN
4897,FMO
4898,FMS
4899,FMX
4900,FMY
4901,FN
4902,FNB
4903,FNB-E
4904,FND
4905,FNF
4906,FNV
4907,FOE
4908,FOF
4909,FOR
4910,FOUR
4911,FPF
4912,FPH
4913,FPI
4914,FPI-B
4915,FPL
4916,FR
4917,FRA
4918,FRC
4919,FRC-G
4920,FRC-H
4921,FRC-I
4922,FRC-J
4923,FRC-K
4924,FRO
4925,FRT
4926,FRT-C
4927,FSD
4928,FSK
4929,FSKR
4930,FSLF
4931,FSLY
4932,FSM
4933,FSR
4934,FSR.W
4935,FSS
4936,FST
4937,FST.U
4938,FST.W
4939,FT
4940,FTA-A
4941,FTA-B
4942,FTAI
4943,FTCH
4944,FTHY
4945,FTI
4946,FTK
4947,FTS
4948,FTV
4949,FTV-A
4950,FUBO
4951,FUL
4952,FUN
4953,FUS.U
4954,FUS.W
4955,FUSE
4956,FVA.U
4957,FVA.W
4958,FVAC
4959,FVRR
4960,G
4961,GAB
4962,GAB-G
4963,GAB-H
4964,GAB-J
4965,GAB-K
4966,GAM
4967,GAM-B
4968,GATO
4969,GATX
4970,GB
4971,GB.W
4972,GBAB
4973,GBL
4974,GBX
4975,GCI
4976,GCO
4977,GCP
4978,GCV
4979,GD
4980,GDDY
4981,GDL
4982,GDL-C
4983,GDO
4984,GDOT
4985,GDV
4986,GDV-G
4987,GDV-H
4988,GE
4989,GEF
4990,GEF.B
4991,GEL
4992,GEN
4993,GEO
4994,GER
4995,GES
4996,GF
4997,GFF
4998,GFI
4999,GFL
5000,GFLU
5001,GFY
5002,GGB
5003,GGG
5004,GGM
5005,GGT
5006,GGT-E
5007,GGT-G
5008,GGZ
5009,GGZ-A
5010,GHC
5011,GHG
5012,GHL
5013,GHLD
5014,GHM
5015,GHY
5016,GIB
5017,GIK
5018,GIK.U
5019,GIK.W
5020,GIL
5021,GIM
5022,GIS
5023,GIX
5024,GIX.P
5025,GIX.U
5026,GIX.W
5027,GJH
5028,GJO
5029,GJP
5030,GJR
5031,GJS
5032,GJT
5033,GKOS
5034,GL
5035,GL-C
5036,GLE.W
5037,GLEO
5038,GLO-A
5039,GLO-B
5040,GLO-C
5041,GLO-G
5042,GLOB
5043,GLOG
5044,GLOP
5045,GLP
5046,GLP-A
5047,GLT
5048,GLW
5049,GM
5050,GME
5051,GMED
5052,GMR-A
5053,GMRE
5054,GMS
5055,GMTA
5056,GNE
5057,GNE-A
5058,GNK
5059,GNL
5060,GNL-A
5061,GNL-B
5062,GNRC
5063,GNT
5064,GNT-A
5065,GNW
5066,GOA.U
5067,GOA.W
5068,GOAC
5069,GOF
5070,GOL
5071,GOLD
5072,GOLF
5073,GOOS
5074,GPC
5075,GPI
5076,GPJA
5077,GPK
5078,GPM
5079,GPMT
5080,GPN
5081,GPRK
5082,GPS
5083,GPX
5084,GRA
5085,GRAM
5086,GRC
5087,GRP.U
5088,GRUB
5089,GRX
5090,GRX-B
5091,GS
5092,GS-A
5093,GS-C
5094,GS-D
5095,GS-J
5096,GS-K
5097,GS-N
5098,GSA.U
5099,GSA.W
5100,GSAH
5101,GSBD
5102,GSH
5103,GSK
5104,GSL
5105,GSL-B
5106,GSLD
5107,GSX
5108,GTES
5109,GTN
5110,GTN.A
5111,GTS
5112,GTT
5113,GTY
5114,GUT
5115,GUT-A
5116,GUT-C
5117,GVA
5118,GWB
5119,GWRE
5120,GWW
5121,GYC
5122,H
5123,HAE
5124,HAL
5125,HASI
5126,HBB
5127,HBI
5128,HBM
5129,HCA
5130,HCC
5131,HCFT
5132,HCHC
5133,HCI
5134,HCXY
5135,HCXZ
5136,HD
5137,HDB
5138,HE
5139,HEI
5140,HEI.A
5141,HEP
5142,HEQ
5143,HES
5144,HESM
5145,HEXO
5146,HFC
5147,HFR-A
5148,HFRO
5149,HGH
5150,HGLB
5151,HGV
5152,HHC
5153,HI
5154,HIE
5155,HIG
5156,HIG-G
5157,HIG.U
5158,HII
5159,HIL
5160,HIO
5161,HIW
5162,HIX
5163,HKIB
5164,HL
5165,HL-B
5166,HLF
5167,HLI
5168,HLT
5169,HLX
5170,HMC
5171,HMI
5172,HML-A
5173,HMLP
5174,HMN
5175,HMY
5176,HNGR
5177,HNI
5178,HNP
5179,HOG
5180,HOME
5181,HON
5182,HOV
5183,HP
5184,HPE
5185,HPF
5186,HPI
5187,HPP
5188,HPQ
5189,HPR
5190,HPS
5191,HPX
5192,HPX.U
5193,HPX.W
5194,HQH
5195,HQL
5196,HR
5197,HRB
5198,HRC
5199,HRI
5200,HRL
5201,HRTG
5202,HSB-A
5203,HSBC
5204,HSC
5205,HSY
5206,HT
5207,HT-C
5208,HT-D
5209,HT-E
5210,HTA
5211,HTD
5212,HTFA
5213,HTGC
5214,HTH
5215,HTY
5216,HUBB
5217,HUBS
5218,HUD
5219,HUM
5220,HUN
5221,HUYA
5222,HVT
5223,HVT.A
5224,HWM
5225,HXL
5226,HY
5227,HYB
5228,HYI
5229,HYL.W
5230,HYLN
5231,HYT
5232,HZA.U
5233,HZA.W
5234,HZAC
5235,HZN
5236,HZO
5237,HZO.U
5238,IAA
5239,IAC.U
5240,IAC.W
5241,IACA
5242,IAE
5243,IAG
5244,IBA
5245,IBM
5246,IBN
5247,IBP
5248,ICD
5249,ICE
5250,ICL
5251,IDA
5252,IDE
5253,IDT
5254,IEX
5255,IFF
5256,IFFT
5257,IFN
5258,IFS
5259,IGA
5260,IGD
5261,IGI
5262,IGR
5263,IGT
5264,IH
5265,IHC
5266,IHD
5267,IHG
5268,IHIT
5269,IHTA
5270,IID
5271,IIF
5272,IIM
5273,IIP-A
5274,IIPR
5275,IMAX
5276,IMP.U
5277,INFO
5278,INFY
5279,ING
5280,INGR
5281,INN
5282,INN-D
5283,INN-E
5284,INS-A
5285,INSI
5286,INSP
5287,INSW
5288,INT
5289,INVH
5290,IO
5291,IP
5292,IPG
5293,IPI
5294,IPO.D
5295,IPO.E
5296,IPO.F
5297,IPO.S
5298,IPO.T
5299,IPO.U
5300,IPO.W
5301,IPOB
5302,IPOC
5303,IPV
5304,IPV.U
5305,IPV.W
5306,IQI
5307,IQV
5308,IR
5309,IRE-C
5310,IRET
5311,IRL
5312,IRM
5313,IRR
5314,IRS
5315,IRT
5316,ISD
5317,IT
5318,ITCB
5319,ITGR
5320,ITT
5321,ITUB
5322,ITW
5323,IVC
5324,IVH
5325,IVR
5326,IVR-A
5327,IVR-B
5328,IVR-C
5329,IVZ
5330,IX
5331,J
5332,JAX
5333,JBGS
5334,JBK
5335,JBL
5336,JBT
5337,JCE
5338,JCI
5339,JCO
5340,JDD
5341,JE
5342,JEF
5343,JELD
5344,JEMD
5345,JEQ
5346,JFR
5347,JGH
5348,JHAA
5349,JHB
5350,JHG
5351,JHI
5352,JHS
5353,JHX
5354,JIH
5355,JIH.U
5356,JIH.W
5357,JILL
5358,JKS
5359,JLL
5360,JLS
5361,JMIA
5362,JMM
5363,JMP
5364,JNJ
5365,JNPR
5366,JOE
5367,JOF
5368,JP
5369,JPC
5370,JPI
5371,JPM
5372,JPM-C
5373,JPM-D
5374,JPM-G
5375,JPM-H
5376,JPM-J
5377,JPS
5378,JPT
5379,JQC
5380,JRI
5381,JRO
5382,JRS
5383,JSD
5384,JT
5385,JTA
5386,JTD
5387,JW.A
5388,JW.B
5389,JWN
5390,JWS
5391,JWS.U
5392,JWS.W
5393,K
5394,KAI
5395,KAMN
5396,KAR
5397,KB
5398,KBH
5399,KBR
5400,KCA.U
5401,KCA.W
5402,KCAC
5403,KEN
5404,KEP
5405,KEX
5406,KEY
5407,KEY-I
5408,KEY-J
5409,KEY-K
5410,KEYS
5411,KF
5412,KFS
5413,KFY
5414,KGC
5415,KIM
5416,KIM-L
5417,KIM-M
5418,KIO
5419,KKR
5420,KKR-A
5421,KKR-B
5422,KKR-C
5423,KL
5424,KMB
5425,KMF
5426,KMI
5427,KMPR
5428,KMT
5429,KMX
5430,KN
5431,KNL
5432,KNOP
5433,KNX
5434,KO
5435,KODK
5436,KOF
5437,KOP
5438,KOS
5439,KR
5440,KRA
5441,KRC
5442,KREF
5443,KRG
5444,KRO
5445,KRP
5446,KSM
5447,KSS
5448,KSU
5449,KSU.P
5450,KT
5451,KTB
5452,KTF
5453,KTH
5454,KTN
5455,KW
5456,KWR
5457,KYN
5458,L
5459,LAC
5460,LAD
5461,LADR
5462,LAIX
5463,LAZ
5464,LB
5465,LBRT
5466,LC
5467,LCI
5468,LCII
5469,LDL
5470,LDOS
5471,LDP
5472,LEA
5473,LEA.U
5474,LEA.W
5475,LEAF
5476,LEAP
5477,LEE
5478,LEG
5479,LEJU
5480,LEN
5481,LEN.B
5482,LEO
5483,LEVI
5484,LFC
5485,LGC
5486,LGC.U
5487,LGC.W
5488,LGF.A
5489,LGF.B
5490,LGI
5491,LGV.U
5492,LGV.W
5493,LGVW
5494,LH
5495,LHX
5496,LII
5497,LIN
5498,LINX
5499,LITB
5500,LL
5501,LLY
5502,LMND
5503,LMT
5504,LN
5505,LNC
5506,LND
5507,LNN
5508,LOA.U
5509,LOA.W
5510,LOAK
5511,LOMA
5512,LOW
5513,LPG
5514,LPI
5515,LPL
5516,LPX
5517,LRN
5518,LSI
5519,LSPD
5520,LTC
5521,LTHM
5522,LU
5523,LUB
5524,LUMN
5525,LUV
5526,LVS
5527,LW
5528,LXFR
5529,LXP
5530,LXP-C
5531,LXU
5532,LYB
5533,LYG
5534,LYV
5535,LZB
5536,M
5537,MA
5538,MAA
5539,MAA-I
5540,MAC
5541,MAIN
5542,MAN
5543,MANU
5544,MAS
5545,MATX
5546,MAV
5547,MAX
5548,MAXR
5549,MBI
5550,MBT
5551,MC
5552,MCA
5553,MCB
5554,MCC
5555,MCD
5556,MCI
5557,MCK
5558,MCN
5559,MCO
5560,MCR
5561,MCS
5562,MCV
5563,MCX
5564,MCY
5565,MD
5566,MDC
5567,MDLA
5568,MDLQ
5569,MDLX
5570,MDLY
5571,MDP
5572,MDT
5573,MDU
5574,MEC
5575,MED
5576,MEG
5577,MEI
5578,MEN
5579,MER-K
5580,MET
5581,MET-A
5582,MET-E
5583,MET-F
5584,MFA
5585,MFA-B
5586,MFA-C
5587,MFA.U
5588,MFA.W
5589,MFAC
5590,MFC
5591,MFD
5592,MFG
5593,MFGP
5594,MFL
5595,MFM
5596,MFO
5597,MFT
5598,MFV
5599,MG
5600,MGA
5601,MGF
5602,MGM
5603,MGP
5604,MGR
5605,MGRB
5606,MGU
5607,MGY
5608,MH-A
5609,MH-C
5610,MH-D
5611,MHD
5612,MHE
5613,MHF
5614,MHI
5615,MHK
5616,MHLA
5617,MHN
5618,MHNC
5619,MHO
5620,MIC
5621,MIE
5622,MIN
5623,MIT-A
5624,MIT-B
5625,MIT-C
5626,MITT
5627,MIXT
5628,MIY
5629,MKC
5630,MKC.V
5631,MKL
5632,MLI
5633,MLM
5634,MLP
5635,MLR
5636,MMC
5637,MMD
5638,MMI
5639,MMM
5640,MMP
5641,MMS
5642,MMT
5643,MMU
5644,MN
5645,MNP
5646,MNR
5647,MNR-C
5648,MNRL
5649,MNSO
5650,MO
5651,MOD
5652,MODN
5653,MOG.A
5654,MOG.B
5655,MOGU
5656,MOH
5657,MOS
5658,MOV
5659,MPA
5660,MPC
5661,MPL.W
5662,MPLN
5663,MPLX
5664,MPV
5665,MPW
5666,MPX
5667,MQT
5668,MQY
5669,MR
5670,MRC
5671,MRK
5672,MRO
5673,MS
5674,MS-A
5675,MS-E
5676,MS-F
5677,MS-I
5678,MS-K
5679,MS-L
5680,MSA
5681,MSB
5682,MSC
5683,MSCI
5684,MSD
5685,MSGE
5686,MSGN
5687,MSGS
5688,MSI
5689,MSM
5690,MSP
5691,MT
5692,MTB
5693,MTCN
5694,MTD
5695,MTDR
5696,MTG
5697,MTH
5698,MTL
5699,MTL.P
5700,MTN
5701,MTOR
5702,MTR
5703,MTRN
5704,MTT
5705,MTW
5706,MTX
5707,MTZ
5708,MUA
5709,MUC
5710,MUE
5711,MUFG
5712,MUH
5713,MUI
5714,MUJ
5715,MUR
5716,MUS
5717,MUSA
5718,MUX
5719,MVC
5720,MVCD
5721,MVF
5722,MVO
5723,MVT
5724,MWA
5725,MX
5726,MXE
5727,MXF
5728,MXL
5729,MYC
5730,MYD
5731,MYE
5732,MYF
5733,MYI
5734,MYJ
5735,MYN
5736,MYOV
5737,MZA
5738,NAC
5739,NAD
5740,NAN
5741,NAT
5742,NAV
5743,NAV-D
5744,NAZ
5745,NBB
5746,NBHC
5747,NBR
5748,NBR-A
5749,NC
5750,NCA
5751,NCB
5752,NCLH
5753,NCR
5754,NCV
5755,NCV-A
5756,NCZ
5757,NCZ-A
5758,NDMO
5759,NDP
5760,NEA
5761,NEE
5762,NEE-K
5763,NEE-N
5764,NEE-O
5765,NEE-P
5766,NEE-Q
5767,NEM
5768,NEP
5769,NET
5770,NEU
5771,NEV
5772,NEW
5773,NEWR
5774,NEX
5775,NEXA
5776,NFG
5777,NFH
5778,NFH.W
5779,NFJ
5780,NGA
5781,NGA.U
5782,NGA.W
5783,NGG
5784,NGL
5785,NGL-A
5786,NGL-B
5787,NGL-C
5788,NGS
5789,NGVC
5790,NGVT
5791,NHA
5792,NHF
5793,NHI
5794,NI
5795,NI-B
5796,NID
5797,NIE
5798,NIM
5799,NINE
5800,NIO
5801,NIQ
5802,NJR
5803,NJV
5804,NKE
5805,NKG
5806,NKX
5807,NL
5808,NLS
5809,NLSN
5810,NLY
5811,NLY-D
5812,NLY-F
5813,NLY-G
5814,NLY-I
5815,NM
5816,NM-G
5817,NM-H
5818,NMCO
5819,NMI
5820,NMK-B
5821,NMK-C
5822,NMM
5823,NMR
5824,NMS
5825,NMT
5826,NMY
5827,NMZ
5828,NNA
5829,NNI
5830,NNN
5831,NNN-F
5832,NNY
5833,NOA
5834,NOAH
5835,NOC
5836,NOK
5837,NOM
5838,NOMD
5839,NOV
5840,NOVA
5841,NOW
5842,NP
5843,NPK
5844,NPN
5845,NPO
5846,NPTN
5847,NPV
5848,NQP
5849,NR
5850,NRE-A
5851,NREF
5852,NRG
5853,NRGX
5854,NRK
5855,NRP
5856,NRT
5857,NRUC
5858,NRZ
5859,NRZ-A
5860,NRZ-B
5861,NRZ-C
5862,NS
5863,NS-A
5864,NS-B
5865,NS-C
5866,NSA
5867,NSA-A
5868,NSC
5869,NSC.W
5870,NSCO
5871,NSH
5872,NSH.U
5873,NSH.W
5874,NSL
5875,NSP
5876,NSS
5877,NTB
5878,NTCO
5879,NTEST.I
5880,NTEST.K
5881,NTG
5882,NTP
5883,NTR
5884,NTST
5885,NTZ
5886,NUE
5887,NUM
5888,NUO
5889,NUS
5890,NUV
5891,NUW
5892,NVG
5893,NVGS
5894,NVO
5895,NVR
5896,NVRO
5897,NVS
5898,NVST
5899,NVT
5900,NVTA
5901,NWG
5902,NWHM
5903,NWN
5904,NX
5905,NXC
5906,NXJ
5907,NXN
5908,NXP
5909,NXQ
5910,NXR
5911,NXRT
5912,NYC
5913,NYC-A
5914,NYC-U
5915,NYCB
5916,NYT
5917,NYV
5918,NZF
5919,O
5920,OAC
5921,OAC.S
5922,OAC.U
5923,OAC.W
5924,OAK-A
5925,OAK-B
5926,OC
5927,OCFT
5928,OCN
5929,ODC
5930,OEC
5931,OFC
5932,OFG
5933,OFG-A
5934,OFG-B
5935,OFG-D
5936,OGE
5937,OGS
5938,OHI
5939,OI
5940,OIA
5941,OIB.C
5942,OII
5943,OIS
5944,OKE
5945,OLN
5946,OLP
5947,OMC
5948,OMF
5949,OMI
5950,ONE
5951,ONTO
5952,OOMA
5953,OPP
5954,OPP-A
5955,OPY
5956,OR
5957,ORA
5958,ORAN
5959,ORC
5960,ORCC
5961,ORCL
5962,ORI
5963,ORN
5964,OSB
5965,OSG
5966,OSH
5967,OSK
5968,OTIS
5969,OUT
5970,OVV
5971,OXM
5972,OXY
5973,OXY.W
5974,PAA
5975,PAC
5976,PAC.U
5977,PACK
5978,PAG
5979,PAGP
5980,PAGS
5981,PAI
5982,PAM
5983,PAN.U
5984,PAN.W
5985,PANA
5986,PANW
5987,PAR
5988,PARR
5989,PAYC
5990,PB
5991,PBA
5992,PBB
5993,PBC
5994,PBF
5995,PBFX
5996,PBH
5997,PBI
5998,PBI-B
5999,PBR
6000,PBR.A
6001,PBT
6002,PBY
6003,PCF
6004,PCG
6005,PCGU
6006,PCI
6007,PCK
6008,PCM
6009,PCN
6010,PCP.U
6011,PCP.W
6012,PCPL
6013,PCQ
6014,PD
6015,PDA.U
6016,PDI
6017,PDM
6018,PDS
6019,PDT
6020,PE
6021,PEAK
6022,PEB
6023,PEB-C
6024,PEB-D
6025,PEB-E
6026,PEB-F
6027,PEG
6028,PEI
6029,PEI-B
6030,PEI-C
6031,PEI-D
6032,PEN
6033,PEO
6034,PFD
6035,PFE
6036,PFGC
6037,PFH
6038,PFL
6039,PFN
6040,PFO
6041,PFS
6042,PFSI
6043,PG
6044,PGP
6045,PGR
6046,PGRE
6047,PGTI
6048,PGZ
6049,PH
6050,PHD
6051,PHG
6052,PHI
6053,PHK
6054,PHM
6055,PHR
6056,PHT
6057,PHX
6058,PIA.U
6059,PIA.W
6060,PIAI
6061,PIC
6062,PIC.U
6063,PIC.W
6064,PII
6065,PIM
6066,PINE
6067,PING
6068,PINS
6069,PIPR
6070,PJT
6071,PK
6072,PKE
6073,PKG
6074,PKI
6075,PKO
6076,PKX
6077,PLAN
6078,PLD
6079,PLNT
6080,PLOW
6081,PLT
6082,PLTR
6083,PLYM
6084,PM
6085,PMF
6086,PML
6087,PMM
6088,PMO
6089,PMT
6090,PMT-A
6091,PMT-B
6092,PMV.U
6093,PMX
6094,PNC
6095,PNC-P
6096,PNF
6097,PNI
6098,PNM
6099,PNR
6100,PNW
6101,POR
6102,POST
6103,PPG
6104,PPL
6105,PPR
6106,PPT
6107,PPX
6108,PQG
6109,PRA
6110,PRE-G
6111,PRE-H
6112,PRE-I
6113,PRGO
6114,PRI
6115,PRI-A
6116,PRI-B
6117,PRI-C
6118,PRI-D
6119,PRI-E
6120,PRI-F
6121,PRLB
6122,PRMW
6123,PRO
6124,PROS
6125,PRP.U
6126,PRP.W
6127,PRPB
6128,PRS
6129,PRSP
6130,PRT
6131,PRTY
6132,PRU
6133,PSA
6134,PSA-B
6135,PSA-C
6136,PSA-D
6137,PSA-E
6138,PSA-F
6139,PSA-G
6140,PSA-H
6141,PSA-I
6142,PSA-J
6143,PSA-K
6144,PSA-L
6145,PSA-M
6146,PSA-N
6147,PSB
6148,PSB-W
6149,PSB-X
6150,PSB-Y
6151,PSB-Z
6152,PSF
6153,PSN
6154,PSO
6155,PST.W
6156,PSTG
6157,PSTH
6158,PSTL
6159,PSX
6160,PSXP
6161,PTA
6162,PTR
6163,PTY
6164,PUK
6165,PUK-A
6166,PUK.P
6167,PUMP
6168,PVG
6169,PVH
6170,PVL
6171,PWR
6172,PXD
6173,PYN
6174,PYS
6175,PYT
6176,PZC
6177,PZN
6178,QD
6179,QEP
6180,QGEN
6181,QSR
6182,QTS
6183,QTS-A
6184,QTS-B
6185,QTWO
6186,QUAD
6187,QUOT
6188,QVCC
6189,QVCD
6190,R
6191,RA
6192,RACE
6193,RAD
6194,RAMP
6195,RBA
6196,RBA.U
6197,RBA.W
6198,RBAC
6199,RBC
6200,RC
6201,RCA
6202,RCB
6203,RCI
6204,RCL
6205,RCP
6206,RCS
6207,RCUS
6208,RDN
6209,RDS.A
6210,RDS.B
6211,RDY
6212,RE
6213,RELX
6214,RENN
6215,RES
6216,RESI
6217,REV
6218,REVG
6219,REX
6220,REX-A
6221,REX-B
6222,REX-C
6223,REXR
6224,REZI
6225,RF
6226,RF-A
6227,RF-B
6228,RF-C
6229,RFI
6230,RFL
6231,RFM
6232,RFP
6233,RGA
6234,RGR
6235,RGS
6236,RGT
6237,RH
6238,RHI
6239,RHP
6240,RIC.U
6241,RIG
6242,RIO
6243,RIV
6244,RJF
6245,RKT
6246,RL
6247,RLGY
6248,RLH
6249,RLI
6250,RLJ
6251,RLJ-A
6252,RM
6253,RMAX
6254,RMD
6255,RMED
6256,RMG
6257,RMG.U
6258,RMG.W
6259,RMI
6260,RMM
6261,RMP.P
6262,RMT
6263,RNG
6264,RNGR
6265,RNP
6266,RNR
6267,RNR-E
6268,RNR-F
6269,ROG
6270,ROK
6271,ROL
6272,ROP
6273,RPAI
6274,RPL.U
6275,RPL.W
6276,RPLA
6277,RPM
6278,RPT
6279,RPT-D
6280,RQI
6281,RRC
6282,RRD
6283,RS
6284,RSF
6285,RSG
6286,RTP.U
6287,RTX
6288,RVI
6289,RVLV
6290,RVT
6291,RWT
6292,RXN
6293,RY
6294,RY-T
6295,RYAM
6296,RYB
6297,RYI
6298,RYN
6299,RZA
6300,RZB
6301,SA
6302,SAF
6303,SAFE
6304,SAH
6305,SAIC
6306,SAIL
6307,SAK
6308,SALT
6309,SAM
6310,SAN
6311,SAN-B
6312,SAND
6313,SAP
6314,SAR
6315,SAVE
6316,SB
6317,SB-C
6318,SB-D
6319,SBBA
6320,SBE
6321,SBE.U
6322,SBE.W
6323,SBG
6324,SBG.U
6325,SBG.W
6326,SBH
6327,SBI
6328,SBOW
6329,SBR
6330,SBS
6331,SBSW
6332,SC
6333,SCA
6334,SCCO
6335,SCD
6336,SCE-G
6337,SCE-H
6338,SCE-J
6339,SCE-K
6340,SCE-L
6341,SCH-C
6342,SCH-D
6343,SCHW
6344,SCI
6345,SCL
6346,SCM
6347,SCP.U
6348,SCP.W
6349,SCPE
6350,SCS
6351,SCU
6352,SCV.U
6353,SCV.W
6354,SCVX
6355,SCX
6356,SD
6357,SE
6358,SEA.U
6359,SEAS
6360,SEE
6361,SEM
6362,SF
6363,SF-A
6364,SF-B
6365,SF-C
6366,SFB
6367,SFE
6368,SFL
6369,SFT.U
6370,SFT.W
6371,SFTW
6372,SFUN
6373,SGU
6374,SHAK
6375,SHG
6376,SHI
6377,SHLX
6378,SHO
6379,SHO-E
6380,SHO-F
6381,SHOP
6382,SHW
6383,SI
6384,SID
6385,SIG
6386,SII
6387,SIT-A
6388,SIT-K
6389,SITC
6390,SITE
6391,SIX
6392,SJI
6393,SJIJ
6394,SJIU
6395,SJM
6396,SJR
6397,SJT
6398,SJW
6399,SKM
6400,SKT
6401,SKX
6402,SKY
6403,SLB
6404,SLCA
6405,SLF
6406,SLG
6407,SLG-I
6408,SLQT
6409,SM
6410,SMAR
6411,SMFG
6412,SMG
6413,SMHI
6414,SMLP
6415,SMM
6416,SMP
6417,SNA
6418,SNAP
6419,SNDR
6420,SNE
6421,SNN
6422,SNOW
6423,SNP
6424,SNP.U
6425,SNP.W
6426,SNPR
6427,SNR
6428,SNV
6429,SNV-D
6430,SNV-E
6431,SNX
6432,SO
6433,SOA.U
6434,SOA.W
6435,SOAC
6436,SOGO
6437,SOI
6438,SOJB
6439,SOJC
6440,SOJD
6441,SOJE
6442,SOL
6443,SOLN
6444,SON
6445,SOR
6446,SOS
6447,SPB
6448,SPCE
6449,SPE
6450,SPE-B
6451,SPG
6452,SPG-J
6453,SPGI
6454,SPH
6455,SPL-A
6456,SPLP
6457,SPN.U
6458,SPOT
6459,SPR
6460,SPXC
6461,SPXX
6462,SQ
6463,SQM
6464,SQNS
6465,SQZ
6466,SR
6467,SR-A
6468,SRC
6469,SRC-A
6470,SRE
6471,SRE-A
6472,SRE-B
6473,SREA
6474,SRG
6475,SRG-A
6476,SRI
6477,SRL
6478,SRLP
6479,SRT
6480,SRV
6481,SSD
6482,SSL
6483,SSTK
6484,ST
6485,STA-C
6486,STA-D
6487,STA-G
6488,STA-I
6489,STAG
6490,STAR
6491,STC
6492,STE
6493,STG
6494,STK
6495,STL
6496,STL-A
6497,STM
6498,STN
6499,STNG
6500,STON
6501,STOR
6502,STP.U
6503,STP.W
6504,STPK
6505,STT
6506,STT-D
6507,STT-G
6508,STWD
6509,STZ
6510,STZ.B
6511,SU
6512,SUI
6513,SUM
6514,SUN
6515,SUP
6516,SUPV
6517,SUZ
6518,SWCH
6519,SWI
6520,SWK
6521,SWM
6522,SWN
6523,SWT
6524,SWX
6525,SWZ
6526,SXC
6527,SXI
6528,SXT
6529,SYF
6530,SYF-A
6531,SYK
6532,SYX
6533,SYY
6534,SZC
6535,T
6536,T-A
6537,T-C
6538,TAC
6539,TAK
6540,TAL
6541,TALO
6542,TAP
6543,TAP.A
6544,TARO
6545,TBB
6546,TBC
6547,TBI
6548,TCI
6549,TCO
6550,TCO-J
6551,TCO-K
6552,TCP
6553,TCS
6554,TD
6555,TDA
6556,TDC
6557,TDE
6558,TDF
6559,TDG
6560,TDI
6561,TDJ
6562,TDOC
6563,TDS
6564,TDW
6565,TDW.A
6566,TDW.B
6567,TDY
6568,TEAF
6569,TECK
6570,TEF
6571,TEI
6572,TEL
6573,TEN
6574,TEO
6575,TEVA
6576,TEX
6577,TFC
6578,TFC-F
6579,TFC-G
6580,TFC-H
6581,TFC-I
6582,TFC-O
6583,TFC-R
6584,TFII
6585,TFX
6586,TG
6587,TGH
6588,TGI
6589,TGNA
6590,TGP
6591,TGP-A
6592,TGP-B
6593,TGS
6594,TGT
6595,THC
6596,THG
6597,THO
6598,THQ
6599,THR
6600,THS
6601,THW
6602,TIF
6603,TIMB
6604,TISI
6605,TJX
6606,TK
6607,TKC
6608,TKR
6609,TLI
6610,TLK
6611,TLYS
6612,TM
6613,TME
6614,TMHC
6615,TMO
6616,TMST
6617,TMX
6618,TNC
6619,TNET
6620,TNK
6621,TNP
6622,TNP-D
6623,TNP-E
6624,TNP-F
6625,TOL
6626,TOT
6627,TPB
6628,TPC
6629,TPG.U
6630,TPH
6631,TPL
6632,TPR
6633,TPRE
6634,TPVG
6635,TPVY
6636,TPX
6637,TPZ
6638,TR
6639,TRC
6640,TRE.U
6641,TRE.W
6642,TREB
6643,TREC
6644,TREX
6645,TRGP
6646,TRI
6647,TRN
6648,TRN.U
6649,TRN.W
6650,TRNE
6651,TRNO
6652,TROX
6653,TRP
6654,TRQ
6655,TRT-A
6656,TRT-B
6657,TRT-C
6658,TRT-D
6659,TRTN
6660,TRTX
6661,TRU
6662,TRV
6663,TRWH
6664,TS
6665,TSE
6666,TSI
6667,TSLX
6668,TSM
6669,TSN
6670,TSQ
6671,TT
6672,TTC
6673,TTI
6674,TTM
6675,TTP
6676,TU
6677,TUFN
6678,TUP
6679,TV
6680,TVC
6681,TVE
6682,TWI
6683,TWLO
6684,TWN
6685,TWN.U
6686,TWN.W
6687,TWND
6688,TWO
6689,TWO-A
6690,TWO-B
6691,TWO-C
6692,TWO-D
6693,TWO-E
6694,TWTR
6695,TX
6696,TXT
6697,TY
6698,TY.P
6699,TYG
6700,TYL
6701,U
6702,UA
6703,UAA
6704,UAN
6705,UBA
6706,UBER
6707,UBP
6708,UBP-H
6709,UBP-K
6710,UBS
6711,UDR
6712,UE
6713,UFI
6714,UFS
6715,UGI
6716,UGP
6717,UHS
6718,UHT
6719,UI
6720,UIS
6721,UL
6722,UMC
6723,UMH
6724,UMH-C
6725,UMH-D
6726,UN
6727,UNF
6728,UNFI
6729,UNH
6730,UNM
6731,UNMA
6732,UNP
6733,UNVR
6734,UPS
6735,URI
6736,USA
6737,USAC
6738,USB
6739,USB-A
6740,USB-H
6741,USB-M
6742,USB-O
6743,USB-P
6744,USB-Q
6745,USDP
6746,USFD
6747,USM
6748,USNA
6749,USPH
6750,USX
6751,UTF
6752,UTI
6753,UTL
6754,UTZ
6755,UTZ.W
6756,UVE
6757,UVV
6758,UZA
6759,UZB
6760,UZC
6761,UZD
6762,V
6763,VAC
6764,VALE
6765,VAPO
6766,VAR
6767,VBF
6768,VCIF
6769,VCRA
6770,VCV
6771,VEC
6772,VEDL
6773,VEEV
6774,VEL
6775,VER
6776,VER-F
6777,VER.U
6778,VET
6779,VFC
6780,VGA.U
6781,VGI
6782,VGM
6783,VGR
6784,VHC
6785,VHI
6786,VIAO
6787,VICI
6788,VIPS
6789,VIST
6790,VIV
6791,VKQ
6792,VLO
6793,VLRS
6794,VLT
6795,VMC
6796,VMI
6797,VMO
6798,VMW
6799,VNCE
6800,VNE
6801,VNO
6802,VNO-K
6803,VNO-L
6804,VNO-M
6805,VNT
6806,VNTR
6807,VOC
6808,VOY-B
6809,VOYA
6810,VPG
6811,VPV
6812,VRS
6813,VRT
6814,VRT.W
6815,VRTV
6816,VSH
6817,VST
6818,VST.A
6819,VSTO
6820,VTA
6821,VTN
6822,VTOL
6823,VTR
6824,VVI
6825,VVN.W
6826,VVNT
6827,VVR
6828,VVV
6829,VYG.U
6830,VZ
6831,W
6832,WAB
6833,WAL
6834,WALA
6835,WAT
6836,WBAI
6837,WBK
6838,WBS
6839,WBS-F
6840,WBT
6841,WCC
6842,WCC-A
6843,WCN
6844,WD
6845,WDR
6846,WEA
6847,WEC
6848,WEI
6849,WELL
6850,WES
6851,WEX
6852,WF
6853,WFC
6854,WFC-A
6855,WFC-L
6856,WFC-N
6857,WFC-O
6858,WFC-P
6859,WFC-Q
6860,WFC-R
6861,WFC-T
6862,WFC-V
6863,WFC-W
6864,WFC-X
6865,WFC-Y
6866,WFC-Z
6867,WGO
6868,WH
6869,WHD
6870,WHG
6871,WHR
6872,WIA
6873,WIT
6874,WIW
6875,WK
6876,WLK
6877,WLKP
6878,WLL
6879,WM
6880,WMB
6881,WMC
6882,WMK
6883,WMS
6884,WMT
6885,WNC
6886,WNS
6887,WOR
6888,WORK
6889,WOW
6890,WPC
6891,WPF
6892,WPF.U
6893,WPF.W
6894,WPG
6895,WPG-H
6896,WPG-I
6897,WPM
6898,WPP
6899,WPX
6900,WRB
6901,WRB-C
6902,WRB-D
6903,WRB-E
6904,WRB-F
6905,WRB-G
6906,WRE
6907,WRI
6908,WRK
6909,WSM
6910,WSO
6911,WSO.B
6912,WSR
6913,WST
6914,WTI
6915,WTM
6916,WTRG
6917,WTRU
6918,WTS
6919,WTTR
6920,WU
6921,WWE
6922,WWW
6923,WY
6924,WYND
6925,X
6926,XAN
6927,XAN-C
6928,XEC
6929,XFLT
6930,XHR
6931,XIN
6932,XOM
6933,XPEV
6934,XPO
6935,XPO.U
6936,XRX
6937,XYF
6938,XYL
6939,Y
6940,YAC
6941,YAC.U
6942,YAC.W
6943,YALA
6944,YELP
6945,YETI
6946,YEXT
6947,YPF
6948,YRD
6949,YUM
6950,YUMC
6951,ZBH
6952,ZEN
6953,ZNH
6954,ZTO
6955,ZTR
6956,ZTS
6957,ZUO
6958,ZYME
